rom_offset,rom_addr,normal_level_indices,classification,type,name,x,y,width,height,spawnType,subtype,treetype,legsColor,num,portTo,level,setglobal,state,route,dial,turn,all_properties_json
0x00018E94,0x08018E94,,standalone_spawner_metadata,spawner,spawner,541,548,16,-32,npc,0,,56,5,0,0,0,0,,,,"{""type"": ""spawner"", ""name"": ""spawner"", ""x"": ""541"", ""y"": ""548"", ""width"": ""16"", ""height"": ""-32"", ""legsColor"": ""56"", ""num"": ""5"", ""portTo"": ""0"", ""spawnType"": ""npc"", ""subtype"": ""0"", ""level"": ""0"", ""setglobal"": ""0"", ""state"": ""0""}"
0x00018F08,0x08018F08,,standalone_spawner_metadata,spawner,spawner,563,483,16,-32,npc,0,,56,5,0,0,0,2,,0,,"{""type"": ""spawner"", ""name"": ""spawner"", ""x"": ""563"", ""y"": ""483"", ""width"": ""16"", ""height"": ""-32"", ""legsColor"": ""56"", ""num"": ""5"", ""portTo"": ""0"", ""spawnType"": ""npc"", ""subtype"": ""0"", ""level"": ""0"", ""setglobal"": ""0"", ""state"": ""2"", ""dial"": ""0""}"
0x00018F84,0x08018F84,,standalone_spawner_metadata,spawner,spawner,1317,1217,16,-32,npc,0,,16,8,0,5,0,2,,1,,"{""type"": ""spawner"", ""name"": ""spawner"", ""x"": ""1317"", ""y"": ""1217"", ""width"": ""16"", ""height"": ""-32"", ""legsColor"": ""16"", ""num"": ""8"", ""portTo"": ""0"", ""spawnType"": ""npc"", ""subtype"": ""0"", ""level"": ""5"", ""setglobal"": ""0"", ""state"": ""2"", ""dial"": ""1""}"
0x00019000,0x08019000,,standalone_spawner_metadata,spawner,spawner,623,483,16,-32,npc,0,,56,5,0,0,0,2,,1,,"{""type"": ""spawner"", ""name"": ""spawner"", ""x"": ""623"", ""y"": ""483"", ""width"": ""16"", ""height"": ""-32"", ""legsColor"": ""56"", ""num"": ""5"", ""portTo"": ""0"", ""spawnType"": ""npc"", ""subtype"": ""0"", ""level"": ""0"", ""setglobal"": ""0"", ""state"": ""2"", ""dial"": ""1""}"
0x0001907C,0x0801907C,,standalone_spawner_metadata,spawner,spawner,423,483,16,-32,npc,0,,200,8,0,0,0,3,0,2,,"{""type"": ""spawner"", ""name"": ""spawner"", ""x"": ""423"", ""y"": ""483"", ""width"": ""16"", ""height"": ""-32"", ""legsColor"": ""200"", ""num"": ""8"", ""portTo"": ""0"", ""spawnType"": ""npc"", ""subtype"": ""0"", ""level"": ""0"", ""setglobal"": ""0"", ""state"": ""3"", ""dial"": ""2"", ""route"": ""0""}"
0x00019100,0x08019100,,standalone_spawner_metadata,spawner,spawner,423,483,16,-32,npc,0,,200,8,0,0,0,1,,0,,"{""type"": ""spawner"", ""name"": ""spawner"", ""x"": ""423"", ""y"": ""483"", ""width"": ""16"", ""height"": ""-32"", ""legsColor"": ""200"", ""num"": ""8"", ""portTo"": ""0"", ""spawnType"": ""npc"", ""subtype"": ""0"", ""level"": ""0"", ""setglobal"": ""0"", ""state"": ""1"", ""dial"": ""0""}"
0x0001917C,0x0801917C,,standalone_spawner_metadata,spawner,spawner,478,500,16,-32,npc,0,,32,4,0,0,0,1,,1,,"{""type"": ""spawner"", ""name"": ""spawner"", ""x"": ""478"", ""y"": ""500"", ""width"": ""16"", ""height"": ""-32"", ""legsColor"": ""32"", ""num"": ""4"", ""portTo"": ""0"", ""spawnType"": ""npc"", ""subtype"": ""0"", ""level"": ""0"", ""setglobal"": ""0"", ""state"": ""1"", ""dial"": ""1""}"
0x000191F8,0x080191F8,,standalone_spawner_metadata,spawner,spawner,87,117,16,-32,npc,0,,1,5,0,7,0,2,,0,,"{""type"": ""spawner"", ""name"": ""spawner"", ""x"": ""87"", ""y"": ""117"", ""width"": ""16"", ""height"": ""-32"", ""legsColor"": ""1"", ""num"": ""5"", ""portTo"": ""0"", ""spawnType"": ""npc"", ""subtype"": ""0"", ""level"": ""7"", ""setglobal"": ""0"", ""state"": ""2"", ""dial"": ""0""}"
0x00019274,0x08019274,,standalone_spawner_metadata,spawner,spawner,43,117,16,-32,npc,0,,1,5,0,7,0,2,,1,,"{""type"": ""spawner"", ""name"": ""spawner"", ""x"": ""43"", ""y"": ""117"", ""width"": ""16"", ""height"": ""-32"", ""legsColor"": ""1"", ""num"": ""5"", ""portTo"": ""0"", ""spawnType"": ""npc"", ""subtype"": ""0"", ""level"": ""7"", ""setglobal"": ""0"", ""state"": ""2"", ""dial"": ""1""}"
0x000192F0,0x080192F0,,standalone_spawner_metadata,spawner,spawner,750,777,16,-32,npc,0,,16,8,0,10,0,2,,2,,"{""type"": ""spawner"", ""name"": ""spawner"", ""x"": ""750"", ""y"": ""777"", ""width"": ""16"", ""height"": ""-32"", ""legsColor"": ""16"", ""num"": ""8"", ""portTo"": ""0"", ""spawnType"": ""npc"", ""subtype"": ""0"", ""level"": ""10"", ""setglobal"": ""0"", ""state"": ""2"", ""dial"": ""2""}"
0x0001936C,0x0801936C,,standalone_spawner_metadata,spawner,spawner,440,440,16,-32,npc,4,,24,1,0,9,0,2,,3,,"{""type"": ""spawner"", ""name"": ""spawner"", ""x"": ""440"", ""y"": ""440"", ""width"": ""16"", ""height"": ""-32"", ""legsColor"": ""24"", ""num"": ""1"", ""portTo"": ""0"", ""spawnType"": ""npc"", ""subtype"": ""4"", ""level"": ""9"", ""setglobal"": ""0"", ""state"": ""2"", ""dial"": ""3""}"
0x000193E8,0x080193E8,,standalone_spawner_metadata,spawner,spawner,673,729,16,-32,npc,6,,24,1,0,10,0,4,,3,,"{""type"": ""spawner"", ""name"": ""spawner"", ""x"": ""673"", ""y"": ""729"", ""width"": ""16"", ""height"": ""-32"", ""legsColor"": ""24"", ""num"": ""1"", ""portTo"": ""0"", ""spawnType"": ""npc"", ""subtype"": ""6"", ""level"": ""10"", ""setglobal"": ""0"", ""state"": ""4"", ""dial"": ""3""}"
0x00019464,0x08019464,,standalone_spawner_metadata,spawner,spawner,314,674,16,-32,npc,6,,24,1,0,10,0,4,,3,,"{""type"": ""spawner"", ""name"": ""spawner"", ""x"": ""314"", ""y"": ""674"", ""width"": ""16"", ""height"": ""-32"", ""legsColor"": ""24"", ""num"": ""1"", ""portTo"": ""0"", ""spawnType"": ""npc"", ""subtype"": ""6"", ""level"": ""10"", ""setglobal"": ""0"", ""state"": ""4"", ""dial"": ""3""}"
0x000194E0,0x080194E0,,standalone_spawner_metadata,spawner,spawner,178,214,16,-32,npc,6,,24,1,0,10,0,4,,3,,"{""type"": ""spawner"", ""name"": ""spawner"", ""x"": ""178"", ""y"": ""214"", ""width"": ""16"", ""height"": ""-32"", ""legsColor"": ""24"", ""num"": ""1"", ""portTo"": ""0"", ""spawnType"": ""npc"", ""subtype"": ""6"", ""level"": ""10"", ""setglobal"": ""0"", ""state"": ""4"", ""dial"": ""3""}"
0x0001955C,0x0801955C,,standalone_spawner_metadata,spawner,spawner,1060,323,16,-32,npc,6,,24,1,0,10,0,4,,3,,"{""type"": ""spawner"", ""name"": ""spawner"", ""x"": ""1060"", ""y"": ""323"", ""width"": ""16"", ""height"": ""-32"", ""legsColor"": ""24"", ""num"": ""1"", ""portTo"": ""0"", ""spawnType"": ""npc"", ""subtype"": ""6"", ""level"": ""10"", ""setglobal"": ""0"", ""state"": ""4"", ""dial"": ""3""}"
0x000195D8,0x080195D8,,standalone_spawner_metadata,spawner,spawner,611,402,16,-32,npc,6,,24,1,0,10,0,4,,3,,"{""type"": ""spawner"", ""name"": ""spawner"", ""x"": ""611"", ""y"": ""402"", ""width"": ""16"", ""height"": ""-32"", ""legsColor"": ""24"", ""num"": ""1"", ""portTo"": ""0"", ""spawnType"": ""npc"", ""subtype"": ""6"", ""level"": ""10"", ""setglobal"": ""0"", ""state"": ""4"", ""dial"": ""3""}"
0x00366F14,0x08366F14,10,level_descriptor_table,leaves,Leaves,572.031,824.063,7.9375,7.875,,,,1,,,,,,,,,"{""type"": ""leaves"", ""name"": ""Leaves"", ""x"": ""572.031"", ""y"": ""824.063"", ""width"": ""7.9375"", ""height"": ""7.875"", ""legsColor"": ""1""}"
0x00366F50,0x08366F50,10,level_descriptor_table,player,Player,225.333,901.334,16,32,,,,1,,,,,,,,,"{""type"": ""player"", ""name"": ""Player"", ""x"": ""225.333"", ""y"": ""901.334"", ""width"": ""16"", ""height"": ""32"", ""legsColor"": ""1""}"
0x00366F8C,0x08366F8C,10,level_descriptor_table,spawner,spawner,354.667,906,16,-16,npc,,,112,5,0,,,,,,1,"{""type"": ""spawner"", ""name"": ""spawner"", ""x"": ""354.667"", ""y"": ""906"", ""width"": ""16"", ""height"": ""-16"", ""legsColor"": ""112"", ""num"": ""5"", ""portTo"": ""0"", ""spawnType"": ""npc"", ""turn"": ""1""}"
0x00366FE8,0x08366FE8,10,level_descriptor_table,spawner,spawner,328,919.333,16,-16,npc,,,112,5,0,,,,,,0,"{""type"": ""spawner"", ""name"": ""spawner"", ""x"": ""328"", ""y"": ""919.333"", ""width"": ""16"", ""height"": ""-16"", ""legsColor"": ""112"", ""num"": ""5"", ""portTo"": ""0"", ""spawnType"": ""npc"", ""turn"": ""0""}"
0x00367044,0x08367044,10,level_descriptor_table,spawner,spawner,1052.17,542.5,16,-16,npc,,,112,5,0,,,,,,0,"{""type"": ""spawner"", ""name"": ""spawner"", ""x"": ""1052.17"", ""y"": ""542.5"", ""width"": ""16"", ""height"": ""-16"", ""legsColor"": ""112"", ""num"": ""5"", ""portTo"": ""0"", ""spawnType"": ""npc"", ""turn"": ""0""}"
0x003670A0,0x083670A0,10,level_descriptor_table,spawner,spawner,1087.83,524.667,16,-16,npc,,,112,5,0,,,,,,1,"{""type"": ""spawner"", ""name"": ""spawner"", ""x"": ""1087.83"", ""y"": ""524.667"", ""width"": ""16"", ""height"": ""-16"", ""legsColor"": ""112"", ""num"": ""5"", ""portTo"": ""0"", ""spawnType"": ""npc"", ""turn"": ""1""}"
0x003670FC,0x083670FC,10,level_descriptor_table,spawner,spawner,1075.83,549.333,16,-16,npc,,,112,5,0,,,,,,1,"{""type"": ""spawner"", ""name"": ""spawner"", ""x"": ""1075.83"", ""y"": ""549.333"", ""width"": ""16"", ""height"": ""-16"", ""legsColor"": ""112"", ""num"": ""5"", ""portTo"": ""0"", ""spawnType"": ""npc"", ""turn"": ""1""}"
0x00367158,0x08367158,10,level_descriptor_table,spawner,spawner,1059.33,489.333,16,-16,npc,,,112,5,0,,,,,,1,"{""type"": ""spawner"", ""name"": ""spawner"", ""x"": ""1059.33"", ""y"": ""489.333"", ""width"": ""16"", ""height"": ""-16"", ""legsColor"": ""112"", ""num"": ""5"", ""portTo"": ""0"", ""spawnType"": ""npc"", ""turn"": ""1""}"
0x003671B4,0x083671B4,10,level_descriptor_table,spawner,spawner,1016,500,16,-16,npc,,,112,5,0,,,,,,0,"{""type"": ""spawner"", ""name"": ""spawner"", ""x"": ""1016"", ""y"": ""500"", ""width"": ""16"", ""height"": ""-16"", ""legsColor"": ""112"", ""num"": ""5"", ""portTo"": ""0"", ""spawnType"": ""npc"", ""turn"": ""0""}"
0x00367210,0x08367210,10,level_descriptor_table,spawner,spawner,478.25,594.001,16,-16,npc,,,112,5,0,,,,,,1,"{""type"": ""spawner"", ""name"": ""spawner"", ""x"": ""478.25"", ""y"": ""594.001"", ""width"": ""16"", ""height"": ""-16"", ""legsColor"": ""112"", ""num"": ""5"", ""portTo"": ""0"", ""spawnType"": ""npc"", ""turn"": ""1""}"
0x0036726C,0x0836726C,10,level_descriptor_table,spawner,spawner,466.25,618.667,16,-16,npc,,,112,5,0,,,,,,1,"{""type"": ""spawner"", ""name"": ""spawner"", ""x"": ""466.25"", ""y"": ""618.667"", ""width"": ""16"", ""height"": ""-16"", ""legsColor"": ""112"", ""num"": ""5"", ""portTo"": ""0"", ""spawnType"": ""npc"", ""turn"": ""1""}"
0x003672C8,0x083672C8,10,level_descriptor_table,spawner,spawner,449.75,558.667,16,-16,npc,,,112,5,0,,,,,,1,"{""type"": ""spawner"", ""name"": ""spawner"", ""x"": ""449.75"", ""y"": ""558.667"", ""width"": ""16"", ""height"": ""-16"", ""legsColor"": ""112"", ""num"": ""5"", ""portTo"": ""0"", ""spawnType"": ""npc"", ""turn"": ""1""}"
0x00367324,0x08367324,10,level_descriptor_table,spawner,spawner,456,672,16,-16,npc,,,112,5,0,,,,,,1,"{""type"": ""spawner"", ""name"": ""spawner"", ""x"": ""456"", ""y"": ""672"", ""width"": ""16"", ""height"": ""-16"", ""legsColor"": ""112"", ""num"": ""5"", ""portTo"": ""0"", ""spawnType"": ""npc"", ""turn"": ""1""}"
0x00367380,0x08367380,10,level_descriptor_table,fgtile,Fgtile,808,384,16,16,,,,,150,8,,,,,,4,"{""type"": ""fgtile"", ""name"": ""Fgtile"", ""x"": ""808"", ""y"": ""384"", ""width"": ""16"", ""height"": ""16"", ""num"": ""150"", ""portTo"": ""8"", ""turn"": ""4""}"
0x003673CC,0x083673CC,10,level_descriptor_table,fgtile,Fgtile,824,384,16,16,,,,,150,8,,,,,,4,"{""type"": ""fgtile"", ""name"": ""Fgtile"", ""x"": ""824"", ""y"": ""384"", ""width"": ""16"", ""height"": ""16"", ""num"": ""150"", ""portTo"": ""8"", ""turn"": ""4""}"
0x00367418,0x08367418,10,level_descriptor_table,fgtile,Fgtile,808,352,16,16,,,,,150,8,,,,,,5,"{""type"": ""fgtile"", ""name"": ""Fgtile"", ""x"": ""808"", ""y"": ""352"", ""width"": ""16"", ""height"": ""16"", ""num"": ""150"", ""portTo"": ""8"", ""turn"": ""5""}"
0x00367464,0x08367464,10,level_descriptor_table,fgtile,Fgtile,824,352,16,16,,,,,150,8,,,,,,5,"{""type"": ""fgtile"", ""name"": ""Fgtile"", ""x"": ""824"", ""y"": ""352"", ""width"": ""16"", ""height"": ""16"", ""num"": ""150"", ""portTo"": ""8"", ""turn"": ""5""}"
0x00386CCC,0x08386CCC,9,level_descriptor_table,leaves,Leaves,536.021,335.979,7.9375,7.875,,,,1,,,,,,,,,"{""type"": ""leaves"", ""name"": ""Leaves"", ""x"": ""536.021"", ""y"": ""335.979"", ""width"": ""7.9375"", ""height"": ""7.875"", ""legsColor"": ""1""}"
0x00386D08,0x08386D08,9,level_descriptor_table,fgtile,Fgtile,728,80,4,90,,,0,,,,,,,,,0,"{""type"": ""fgtile"", ""name"": ""Fgtile"", ""x"": ""728"", ""y"": ""80"", ""width"": ""4"", ""height"": ""90"", ""treetype"": ""0"", ""turn"": ""0""}"
0x00386D4C,0x08386D4C,9,level_descriptor_table,player,Player,409.5,370.5,16,32,,,,1,,,,,,,,,"{""type"": ""player"", ""name"": ""Player"", ""x"": ""409.5"", ""y"": ""370.5"", ""width"": ""16"", ""height"": ""32"", ""legsColor"": ""1""}"
0x00386D88,0x08386D88,9,level_descriptor_table,fgtile,Fgtile,593.667,318.667,90,4,,,10,,,,,,,,,1,"{""type"": ""fgtile"", ""name"": ""Fgtile"", ""x"": ""593.667"", ""y"": ""318.667"", ""width"": ""90"", ""height"": ""4"", ""treetype"": ""10"", ""turn"": ""1""}"
0x00386DCC,0x08386DCC,9,level_descriptor_table,fgtile,Fgtile,779,322,90,4,,,10,,,,,,,,,1,"{""type"": ""fgtile"", ""name"": ""Fgtile"", ""x"": ""779"", ""y"": ""322"", ""width"": ""90"", ""height"": ""4"", ""treetype"": ""10"", ""turn"": ""1""}"
0x00386E10,0x08386E10,9,level_descriptor_table,fgtile,Fgtile,472,312,16,16,,,,,150,1,,,,,,,"{""type"": ""fgtile"", ""name"": ""Fgtile"", ""x"": ""472"", ""y"": ""312"", ""width"": ""16"", ""height"": ""16"", ""num"": ""150"", ""portTo"": ""1""}"
0x00386E54,0x08386E54,9,level_descriptor_table,fgtile,Fgtile,488,312,16,16,,,,,150,6,,,,,,,"{""type"": ""fgtile"", ""name"": ""Fgtile"", ""x"": ""488"", ""y"": ""312"", ""width"": ""16"", ""height"": ""16"", ""num"": ""150"", ""portTo"": ""6""}"
0x00386E98,0x08386E98,9,level_descriptor_table,spawner,spawner,392.333,417.167,16,-16,npc,,,112,5,0,,,,,,0,"{""type"": ""spawner"", ""name"": ""spawner"", ""x"": ""392.333"", ""y"": ""417.167"", ""width"": ""16"", ""height"": ""-16"", ""legsColor"": ""112"", ""num"": ""5"", ""portTo"": ""0"", ""spawnType"": ""npc"", ""turn"": ""0""}"
0x00386EF4,0x08386EF4,9,level_descriptor_table,fgtile,Fgtile,408,360,16,16,,,,,150,8,,,,,,,"{""type"": ""fgtile"", ""name"": ""Fgtile"", ""x"": ""408"", ""y"": ""360"", ""width"": ""16"", ""height"": ""16"", ""num"": ""150"", ""portTo"": ""8""}"
0x00386F38,0x08386F38,9,level_descriptor_table,spawner,spawner,424,408,16,-16,npc,,,112,5,0,,,,,,1,"{""type"": ""spawner"", ""name"": ""spawner"", ""x"": ""424"", ""y"": ""408"", ""width"": ""16"", ""height"": ""-16"", ""legsColor"": ""112"", ""num"": ""5"", ""portTo"": ""0"", ""spawnType"": ""npc"", ""turn"": ""1""}"
0x00386F94,0x08386F94,9,level_descriptor_table,spawner,spawner,416,424,16,-16,npc,,,112,5,0,,,,,,1,"{""type"": ""spawner"", ""name"": ""spawner"", ""x"": ""416"", ""y"": ""424"", ""width"": ""16"", ""height"": ""-16"", ""legsColor"": ""112"", ""num"": ""5"", ""portTo"": ""0"", ""spawnType"": ""npc"", ""turn"": ""1""}"
0x00386FF0,0x08386FF0,9,level_descriptor_table,fgtile,Fgtile,512.333,456,16,16,,,20,,512,524,,,,,,,"{""type"": ""fgtile"", ""name"": ""Fgtile"", ""x"": ""512.333"", ""y"": ""456"", ""width"": ""16"", ""height"": ""16"", ""num"": ""512"", ""portTo"": ""524"", ""treetype"": ""20""}"
0x0038703C,0x0838703C,9,level_descriptor_table,spawner,spawner,827.75,448.25,16,-32,npc,,,8,1,1,,,,,,1,"{""type"": ""spawner"", ""name"": ""spawner"", ""x"": ""827.75"", ""y"": ""448.25"", ""width"": ""16"", ""height"": ""-32"", ""legsColor"": ""8"", ""num"": ""1"", ""portTo"": ""1"", ""spawnType"": ""npc"", ""turn"": ""1""}"
0x00387098,0x08387098,9,level_descriptor_table,spawner,spawner,851.25,444.75,16,-32,npc,2,,8,1,1,,,,,,0,"{""type"": ""spawner"", ""name"": ""spawner"", ""x"": ""851.25"", ""y"": ""444.75"", ""width"": ""16"", ""height"": ""-32"", ""legsColor"": ""8"", ""num"": ""1"", ""portTo"": ""1"", ""spawnType"": ""npc"", ""subtype"": ""2"", ""turn"": ""0""}"
0x003870FC,0x083870FC,9,level_descriptor_table,spawner,spawner,1185.33,421.333,16,-32,npc,8,,8,1,2,,,,,,,"{""type"": ""spawner"", ""name"": ""spawner"", ""x"": ""1185.33"", ""y"": ""421.333"", ""width"": ""16"", ""height"": ""-32"", ""legsColor"": ""8"", ""num"": ""1"", ""portTo"": ""2"", ""spawnType"": ""npc"", ""subtype"": ""8""}"
0x00387158,0x08387158,9,level_descriptor_table,spawner,spawner,1634.75,424.333,16,-32,npc,2,,72,1,0,,,,,,1,"{""type"": ""spawner"", ""name"": ""spawner"", ""x"": ""1634.75"", ""y"": ""424.333"", ""width"": ""16"", ""height"": ""-32"", ""legsColor"": ""72"", ""num"": ""1"", ""portTo"": ""0"", ""spawnType"": ""npc"", ""subtype"": ""2"", ""turn"": ""1""}"
0x003871BC,0x083871BC,9,level_descriptor_table,spawner,spawner,1659.25,420.333,16,-32,npc,0,,72,1,0,,,,,,0,"{""type"": ""spawner"", ""name"": ""spawner"", ""x"": ""1659.25"", ""y"": ""420.333"", ""width"": ""16"", ""height"": ""-32"", ""legsColor"": ""72"", ""num"": ""1"", ""portTo"": ""0"", ""spawnType"": ""npc"", ""subtype"": ""0"", ""turn"": ""0""}"
0x00387220,0x08387220,9,level_descriptor_table,spawner,spawner,1673.75,430.833,16,-32,npc,,,56,5,0,,,,,,0,"{""type"": ""spawner"", ""name"": ""spawner"", ""x"": ""1673.75"", ""y"": ""430.833"", ""width"": ""16"", ""height"": ""-32"", ""legsColor"": ""56"", ""num"": ""5"", ""portTo"": ""0"", ""spawnType"": ""npc"", ""turn"": ""0""}"
0x0038727C,0x0838727C,9,level_descriptor_table,spawner,spawner,1618.25,434.333,16,-32,npc,,,64,6,0,,,,,,1,"{""type"": ""spawner"", ""name"": ""spawner"", ""x"": ""1618.25"", ""y"": ""434.333"", ""width"": ""16"", ""height"": ""-32"", ""legsColor"": ""64"", ""num"": ""6"", ""portTo"": ""0"", ""spawnType"": ""npc"", ""turn"": ""1""}"
0x003872D8,0x083872D8,9,level_descriptor_table,spawner,spawner,1841.25,424.833,16,-32,npc,,,24,2,0,,,,,,,"{""type"": ""spawner"", ""name"": ""spawner"", ""x"": ""1841.25"", ""y"": ""424.833"", ""width"": ""16"", ""height"": ""-32"", ""legsColor"": ""24"", ""num"": ""2"", ""portTo"": ""0"", ""spawnType"": ""npc""}"
0x0038732C,0x0838732C,9,level_descriptor_table,spawner,spawner,1862.75,429.833,16,-32,npc,10,,8,1,1,,,,,,0,"{""type"": ""spawner"", ""name"": ""spawner"", ""x"": ""1862.75"", ""y"": ""429.833"", ""width"": ""16"", ""height"": ""-32"", ""legsColor"": ""8"", ""num"": ""1"", ""portTo"": ""1"", ""spawnType"": ""npc"", ""subtype"": ""10"", ""turn"": ""0""}"
0x00387390,0x08387390,9,level_descriptor_table,spawner,spawner,2213.42,422,16,-32,npc,,,96,5,0,,,,,,0,"{""type"": ""spawner"", ""name"": ""spawner"", ""x"": ""2213.42"", ""y"": ""422"", ""width"": ""16"", ""height"": ""-32"", ""legsColor"": ""96"", ""num"": ""5"", ""portTo"": ""0"", ""spawnType"": ""npc"", ""turn"": ""0""}"
0x003873EC,0x083873EC,9,level_descriptor_table,spawner,spawner,2202.42,430,16,-32,npc,,,88,6,0,,,,,,1,"{""type"": ""spawner"", ""name"": ""spawner"", ""x"": ""2202.42"", ""y"": ""430"", ""width"": ""16"", ""height"": ""-32"", ""legsColor"": ""88"", ""num"": ""6"", ""portTo"": ""0"", ""spawnType"": ""npc"", ""turn"": ""1""}"
0x00387448,0x08387448,9,level_descriptor_table,spawner,spawner,2230.92,427.5,16,-32,npc,14,,72,1,0,,,,,,0,"{""type"": ""spawner"", ""name"": ""spawner"", ""x"": ""2230.92"", ""y"": ""427.5"", ""width"": ""16"", ""height"": ""-32"", ""legsColor"": ""72"", ""num"": ""1"", ""portTo"": ""0"", ""spawnType"": ""npc"", ""subtype"": ""14"", ""turn"": ""0""}"
0x003874AC,0x083874AC,9,level_descriptor_table,spawner,spawner,2225.33,604,16,-32,npc,,,80,2,0,,,,,,0,"{""type"": ""spawner"", ""name"": ""spawner"", ""x"": ""2225.33"", ""y"": ""604"", ""width"": ""16"", ""height"": ""-32"", ""legsColor"": ""80"", ""num"": ""2"", ""portTo"": ""0"", ""spawnType"": ""npc"", ""turn"": ""0""}"
0x00387508,0x08387508,9,level_descriptor_table,spawner,spawner,2449.92,606.833,16,-32,npc,,,104,5,0,,,,,,0,"{""type"": ""spawner"", ""name"": ""spawner"", ""x"": ""2449.92"", ""y"": ""606.833"", ""width"": ""16"", ""height"": ""-32"", ""legsColor"": ""104"", ""num"": ""5"", ""portTo"": ""0"", ""spawnType"": ""npc"", ""turn"": ""0""}"
0x00387564,0x08387564,9,level_descriptor_table,spawner,spawner,2419.42,599.833,16,-32,npc,6,,72,1,1,,,,,,1,"{""type"": ""spawner"", ""name"": ""spawner"", ""x"": ""2419.42"", ""y"": ""599.833"", ""width"": ""16"", ""height"": ""-32"", ""legsColor"": ""72"", ""num"": ""1"", ""portTo"": ""1"", ""spawnType"": ""npc"", ""subtype"": ""6"", ""turn"": ""1""}"
0x003875C8,0x083875C8,9,level_descriptor_table,spawner,spawner,2427.92,622.833,16,-32,npc,10,,72,1,1,,,,,,1,"{""type"": ""spawner"", ""name"": ""spawner"", ""x"": ""2427.92"", ""y"": ""622.833"", ""width"": ""16"", ""height"": ""-32"", ""legsColor"": ""72"", ""num"": ""1"", ""portTo"": ""1"", ""spawnType"": ""npc"", ""subtype"": ""10"", ""turn"": ""1""}"
0x0038762C,0x0838762C,9,level_descriptor_table,spawner,spawner,2428.67,450.25,16,-32,npc,4,,8,1,1,,,,,,1,"{""type"": ""spawner"", ""name"": ""spawner"", ""x"": ""2428.67"", ""y"": ""450.25"", ""width"": ""16"", ""height"": ""-32"", ""legsColor"": ""8"", ""num"": ""1"", ""portTo"": ""1"", ""spawnType"": ""npc"", ""subtype"": ""4"", ""turn"": ""1""}"
0x00387690,0x08387690,9,level_descriptor_table,spawner,spawner,2452.67,441.75,16,-32,npc,6,,8,1,1,,,,,,0,"{""type"": ""spawner"", ""name"": ""spawner"", ""x"": ""2452.67"", ""y"": ""441.75"", ""width"": ""16"", ""height"": ""-32"", ""legsColor"": ""8"", ""num"": ""1"", ""portTo"": ""1"", ""spawnType"": ""npc"", ""subtype"": ""6"", ""turn"": ""0""}"
0x0041A110,0x0841A110,8,level_descriptor_table,fgtile,Fgtile,75.9546,281.136,16,16,,,,,10,9,,,,,,,"{""type"": ""fgtile"", ""name"": ""Fgtile"", ""x"": ""75.9546"", ""y"": ""281.136"", ""width"": ""16"", ""height"": ""16"", ""num"": ""10"", ""portTo"": ""9""}"
0x0041A154,0x0841A154,8,level_descriptor_table,fgtile,Fgtile,92.0455,281.091,16,16,,,,,10,9,,,,,,,"{""type"": ""fgtile"", ""name"": ""Fgtile"", ""x"": ""92.0455"", ""y"": ""281.091"", ""width"": ""16"", ""height"": ""16"", ""num"": ""10"", ""portTo"": ""9""}"
0x0041A198,0x0841A198,8,level_descriptor_table,fgtile,Fgtile,115.5,103.75,16,16,,,,,150,7,,,,,,,"{""type"": ""fgtile"", ""name"": ""Fgtile"", ""x"": ""115.5"", ""y"": ""103.75"", ""width"": ""16"", ""height"": ""16"", ""num"": ""150"", ""portTo"": ""7""}"
0x0041A1DC,0x0841A1DC,8,level_descriptor_table,fgtile,Fgtile,131.75,103.75,16,16,,,,,150,7,,,,,,,"{""type"": ""fgtile"", ""name"": ""Fgtile"", ""x"": ""131.75"", ""y"": ""103.75"", ""width"": ""16"", ""height"": ""16"", ""num"": ""150"", ""portTo"": ""7""}"
0x0041A220,0x0841A220,8,level_descriptor_table,player,Player,123.333,115.333,16,-32,,,,1,,,,,,,,,"{""type"": ""player"", ""name"": ""Player"", ""x"": ""123.333"", ""y"": ""115.333"", ""width"": ""16"", ""height"": ""-32"", ""legsColor"": ""1""}"
0x0041A25C,0x0841A25C,8,level_descriptor_table,spawner,spawner,145.667,288.67,16,-32,npc,10,,24,1,0,,,,,,,"{""type"": ""spawner"", ""name"": ""spawner"", ""x"": ""145.667"", ""y"": ""288.67"", ""width"": ""16"", ""height"": ""-32"", ""legsColor"": ""24"", ""num"": ""1"", ""portTo"": ""0"", ""spawnType"": ""npc"", ""subtype"": ""10""}"
0x0041A2B8,0x0841A2B8,8,level_descriptor_table,spawner,spawner,51.3333,178.333,16,-32,npc,8,,24,1,0,,,,,,,"{""type"": ""spawner"", ""name"": ""spawner"", ""x"": ""51.3333"", ""y"": ""178.333"", ""width"": ""16"", ""height"": ""-32"", ""legsColor"": ""24"", ""num"": ""1"", ""portTo"": ""0"", ""spawnType"": ""npc"", ""subtype"": ""8""}"
0x0041C880,0x0841C880,7,level_descriptor_table,player,Player,147.068,124.909,16,-32,,,,1,,,,,,,,,"{""type"": ""player"", ""name"": ""Player"", ""x"": ""147.068"", ""y"": ""124.909"", ""width"": ""16"", ""height"": ""-32"", ""legsColor"": ""1""}"
0x0041C8BC,0x0841C8BC,7,level_descriptor_table,fgtile,Fgtile,44.8182,144.045,16,16,,,,,10,8,,,,,,,"{""type"": ""fgtile"", ""name"": ""Fgtile"", ""x"": ""44.8182"", ""y"": ""144.045"", ""width"": ""16"", ""height"": ""16"", ""num"": ""10"", ""portTo"": ""8""}"
0x0041C900,0x0841C900,7,level_descriptor_table,fgtile,Fgtile,60.9091,144,16,16,,,,,10,8,,,,,,,"{""type"": ""fgtile"", ""name"": ""Fgtile"", ""x"": ""60.9091"", ""y"": ""144"", ""width"": ""16"", ""height"": ""16"", ""num"": ""10"", ""portTo"": ""8""}"
0x0041C944,0x0841C944,7,level_descriptor_table,fgtile,Fgtile,120.75,107.25,16,16,,,,,10,6,,,,,,,"{""type"": ""fgtile"", ""name"": ""Fgtile"", ""x"": ""120.75"", ""y"": ""107.25"", ""width"": ""16"", ""height"": ""16"", ""num"": ""10"", ""portTo"": ""6""}"
0x0041D9F4,0x0841D9F4,5,level_descriptor_table,player,Player,977.281,174.349,16,32,,,,1,,,,,,,,,"{""type"": ""player"", ""name"": ""Player"", ""x"": ""977.281"", ""y"": ""174.349"", ""width"": ""16"", ""height"": ""32"", ""legsColor"": ""1""}"
0x0041DA30,0x0841DA30,5,level_descriptor_table,fgtile,Fgtile,960,144,16,16,,,,,150,0,,,,,,,"{""type"": ""fgtile"", ""name"": ""Fgtile"", ""x"": ""960"", ""y"": ""144"", ""width"": ""16"", ""height"": ""16"", ""num"": ""150"", ""portTo"": ""0""}"
0x0041DA74,0x0841DA74,5,level_descriptor_table,fgtile,Fgtile,945.75,398.583,90,4,,,14,,,,,,,,,1,"{""type"": ""fgtile"", ""name"": ""Fgtile"", ""x"": ""945.75"", ""y"": ""398.583"", ""width"": ""90"", ""height"": ""4"", ""treetype"": ""14"", ""turn"": ""1""}"
0x0041DAB8,0x0841DAB8,5,level_descriptor_table,fgtile,Fgtile,800,448,4,90,,,0,,,,,,,,,0,"{""type"": ""fgtile"", ""name"": ""Fgtile"", ""x"": ""800"", ""y"": ""448"", ""width"": ""4"", ""height"": ""90"", ""treetype"": ""0"", ""turn"": ""0""}"
0x0041DAFC,0x0841DAFC,5,level_descriptor_table,fgtile,Fgtile,722,458.667,4,40,,,1,,,,,,,,,2,"{""type"": ""fgtile"", ""name"": ""Fgtile"", ""x"": ""722"", ""y"": ""458.667"", ""width"": ""4"", ""height"": ""40"", ""treetype"": ""1"", ""turn"": ""2""}"
0x0041DB40,0x0841DB40,5,level_descriptor_table,fgtile,Fgtile,992,144,16,16,,,,,150,0,,,,,,,"{""type"": ""fgtile"", ""name"": ""Fgtile"", ""x"": ""992"", ""y"": ""144"", ""width"": ""16"", ""height"": ""16"", ""num"": ""150"", ""portTo"": ""0""}"
0x0041DB84,0x0841DB84,5,level_descriptor_table,fgtile,Fgtile,976,144,16,16,,,,,150,0,,,,,,,"{""type"": ""fgtile"", ""name"": ""Fgtile"", ""x"": ""976"", ""y"": ""144"", ""width"": ""16"", ""height"": ""16"", ""num"": ""150"", ""portTo"": ""0""}"
0x0041DBC8,0x0841DBC8,5,level_descriptor_table,spawner,spawner,900.667,1105.67,16,-32,npc,,,8,1,1,,,,,,1,"{""type"": ""spawner"", ""name"": ""spawner"", ""x"": ""900.667"", ""y"": ""1105.67"", ""width"": ""16"", ""height"": ""-32"", ""legsColor"": ""8"", ""num"": ""1"", ""portTo"": ""1"", ""spawnType"": ""npc"", ""turn"": ""1""}"
0x0041DC24,0x0841DC24,5,level_descriptor_table,spawner,spawner,938.5,1116.33,16,-32,npc,8,,8,1,2,,,,,,,"{""type"": ""spawner"", ""name"": ""spawner"", ""x"": ""938.5"", ""y"": ""1116.33"", ""width"": ""16"", ""height"": ""-32"", ""legsColor"": ""8"", ""num"": ""1"", ""portTo"": ""2"", ""spawnType"": ""npc"", ""subtype"": ""8""}"
0x0041DC80,0x0841DC80,5,level_descriptor_table,spawner,spawner,1349.33,1152.17,16,-32,npc,,,24,2,0,,,,,,,"{""type"": ""spawner"", ""name"": ""spawner"", ""x"": ""1349.33"", ""y"": ""1152.17"", ""width"": ""16"", ""height"": ""-32"", ""legsColor"": ""24"", ""num"": ""2"", ""portTo"": ""0"", ""spawnType"": ""npc""}"
0x0041DCD4,0x0841DCD4,5,level_descriptor_table,spawner,spawner,924.167,1102.17,16,-32,npc,2,,8,1,1,,,,,,1,"{""type"": ""spawner"", ""name"": ""spawner"", ""x"": ""924.167"", ""y"": ""1102.17"", ""width"": ""16"", ""height"": ""-32"", ""legsColor"": ""8"", ""num"": ""1"", ""portTo"": ""1"", ""spawnType"": ""npc"", ""subtype"": ""2"", ""turn"": ""1""}"
0x0041DD38,0x0841DD38,5,level_descriptor_table,spawner,spawner,1377,1207.5,16,-32,npc,4,,8,1,1,,,,,,1,"{""type"": ""spawner"", ""name"": ""spawner"", ""x"": ""1377"", ""y"": ""1207.5"", ""width"": ""16"", ""height"": ""-32"", ""legsColor"": ""8"", ""num"": ""1"", ""portTo"": ""1"", ""spawnType"": ""npc"", ""subtype"": ""4"", ""turn"": ""1""}"
0x0041DD9C,0x0841DD9C,5,level_descriptor_table,spawner,spawner,1401,1199,16,-32,npc,6,,8,1,1,,,,,,0,"{""type"": ""spawner"", ""name"": ""spawner"", ""x"": ""1401"", ""y"": ""1199"", ""width"": ""16"", ""height"": ""-32"", ""legsColor"": ""8"", ""num"": ""1"", ""portTo"": ""1"", ""spawnType"": ""npc"", ""subtype"": ""6"", ""turn"": ""0""}"
0x0041DE00,0x0841DE00,5,level_descriptor_table,spawner,spawner,1409.5,636.5,16,-32,npc,8,,8,1,1,,,,,,0,"{""type"": ""spawner"", ""name"": ""spawner"", ""x"": ""1409.5"", ""y"": ""636.5"", ""width"": ""16"", ""height"": ""-32"", ""legsColor"": ""8"", ""num"": ""1"", ""portTo"": ""1"", ""spawnType"": ""npc"", ""subtype"": ""8"", ""turn"": ""0""}"
0x0041DE64,0x0841DE64,5,level_descriptor_table,spawner,spawner,1370.83,1157.17,16,-32,npc,10,,8,1,1,,,,,,0,"{""type"": ""spawner"", ""name"": ""spawner"", ""x"": ""1370.83"", ""y"": ""1157.17"", ""width"": ""16"", ""height"": ""-32"", ""legsColor"": ""8"", ""num"": ""1"", ""portTo"": ""1"", ""spawnType"": ""npc"", ""subtype"": ""10"", ""turn"": ""0""}"
0x0041DEC8,0x0841DEC8,5,level_descriptor_table,spawner,spawner,988,415.167,16,-32,npc,14,,8,1,1,,,,,,1,"{""type"": ""spawner"", ""name"": ""spawner"", ""x"": ""988"", ""y"": ""415.167"", ""width"": ""16"", ""height"": ""-32"", ""legsColor"": ""8"", ""num"": ""1"", ""portTo"": ""1"", ""spawnType"": ""npc"", ""subtype"": ""14"", ""turn"": ""1""}"
0x0041DF2C,0x0841DF2C,5,level_descriptor_table,fgtile,Fgtile,867,724,90,4,,,16,,,,,,,,,1,"{""type"": ""fgtile"", ""name"": ""Fgtile"", ""x"": ""867"", ""y"": ""724"", ""width"": ""90"", ""height"": ""4"", ""treetype"": ""16"", ""turn"": ""1""}"
0x0041DF70,0x0841DF70,5,level_descriptor_table,fgtile,Fgtile,1344,1096,16,16,,,,,10,4,,,,,,,"{""type"": ""fgtile"", ""name"": ""Fgtile"", ""x"": ""1344"", ""y"": ""1096"", ""width"": ""16"", ""height"": ""16"", ""num"": ""10"", ""portTo"": ""4""}"
0x0041DFB4,0x0841DFB4,5,level_descriptor_table,fgtile,Fgtile,1360,1096,16,16,,,,,10,4,,,,,,,"{""type"": ""fgtile"", ""name"": ""Fgtile"", ""x"": ""1360"", ""y"": ""1096"", ""width"": ""16"", ""height"": ""16"", ""num"": ""10"", ""portTo"": ""4""}"
0x0041DFF8,0x0841DFF8,5,level_descriptor_table,fgtile,Fgtile,1376,1096,16,16,,,,,10,4,,,,,,,"{""type"": ""fgtile"", ""name"": ""Fgtile"", ""x"": ""1376"", ""y"": ""1096"", ""width"": ""16"", ""height"": ""16"", ""num"": ""10"", ""portTo"": ""4""}"
0x0041E03C,0x0841E03C,5,level_descriptor_table,spawner,spawner,1171.5,1174.5,16,-32,npc,2,,72,1,0,,,,,,1,"{""type"": ""spawner"", ""name"": ""spawner"", ""x"": ""1171.5"", ""y"": ""1174.5"", ""width"": ""16"", ""height"": ""-32"", ""legsColor"": ""72"", ""num"": ""1"", ""portTo"": ""0"", ""spawnType"": ""npc"", ""subtype"": ""2"", ""turn"": ""1""}"
0x0041E0A0,0x0841E0A0,5,level_descriptor_table,spawner,spawner,1196,1170.5,16,-32,npc,0,,72,1,0,,,,,,0,"{""type"": ""spawner"", ""name"": ""spawner"", ""x"": ""1196"", ""y"": ""1170.5"", ""width"": ""16"", ""height"": ""-32"", ""legsColor"": ""72"", ""num"": ""1"", ""portTo"": ""0"", ""spawnType"": ""npc"", ""subtype"": ""0"", ""turn"": ""0""}"
0x0041E104,0x0841E104,5,level_descriptor_table,spawner,spawner,1210.5,1181,16,-32,npc,,,56,5,0,,,,,,0,"{""type"": ""spawner"", ""name"": ""spawner"", ""x"": ""1210.5"", ""y"": ""1181"", ""width"": ""16"", ""height"": ""-32"", ""legsColor"": ""56"", ""num"": ""5"", ""portTo"": ""0"", ""spawnType"": ""npc"", ""turn"": ""0""}"
0x0041E160,0x0841E160,5,level_descriptor_table,spawner,spawner,1155,1184.5,16,-32,npc,,,64,6,0,,,,,,1,"{""type"": ""spawner"", ""name"": ""spawner"", ""x"": ""1155"", ""y"": ""1184.5"", ""width"": ""16"", ""height"": ""-32"", ""legsColor"": ""64"", ""num"": ""6"", ""portTo"": ""0"", ""spawnType"": ""npc"", ""turn"": ""1""}"
0x0041E1BC,0x0841E1BC,5,level_descriptor_table,spawner,spawner,1408,1127,16,-32,npc,,,48,4,0,,,,,,0,"{""type"": ""spawner"", ""name"": ""spawner"", ""x"": ""1408"", ""y"": ""1127"", ""width"": ""16"", ""height"": ""-32"", ""legsColor"": ""48"", ""num"": ""4"", ""portTo"": ""0"", ""spawnType"": ""npc"", ""turn"": ""0""}"
0x0041E218,0x0841E218,5,level_descriptor_table,spawner,spawner,1423.5,1136.5,16,-32,npc,,,40,6,0,,,,,,0,"{""type"": ""spawner"", ""name"": ""spawner"", ""x"": ""1423.5"", ""y"": ""1136.5"", ""width"": ""16"", ""height"": ""-32"", ""legsColor"": ""40"", ""num"": ""6"", ""portTo"": ""0"", ""spawnType"": ""npc"", ""turn"": ""0""}"
0x0041E274,0x0841E274,5,level_descriptor_table,spawner,spawner,1205,1134.5,16,-32,npc,,,96,5,0,,,,,,0,"{""type"": ""spawner"", ""name"": ""spawner"", ""x"": ""1205"", ""y"": ""1134.5"", ""width"": ""16"", ""height"": ""-32"", ""legsColor"": ""96"", ""num"": ""5"", ""portTo"": ""0"", ""spawnType"": ""npc"", ""turn"": ""0""}"
0x0041E2D0,0x0841E2D0,5,level_descriptor_table,spawner,spawner,1194,1142.5,16,-32,npc,,,88,6,0,,,,,,1,"{""type"": ""spawner"", ""name"": ""spawner"", ""x"": ""1194"", ""y"": ""1142.5"", ""width"": ""16"", ""height"": ""-32"", ""legsColor"": ""88"", ""num"": ""6"", ""portTo"": ""0"", ""spawnType"": ""npc"", ""turn"": ""1""}"
0x0041E32C,0x0841E32C,5,level_descriptor_table,spawner,spawner,1289.5,1162.5,16,-32,npc,,,104,5,0,,,,,,0,"{""type"": ""spawner"", ""name"": ""spawner"", ""x"": ""1289.5"", ""y"": ""1162.5"", ""width"": ""16"", ""height"": ""-32"", ""legsColor"": ""104"", ""num"": ""5"", ""portTo"": ""0"", ""spawnType"": ""npc"", ""turn"": ""0""}"
0x0041E388,0x0841E388,5,level_descriptor_table,spawner,spawner,1259,1155.5,16,-32,npc,6,,72,1,1,,,,,,1,"{""type"": ""spawner"", ""name"": ""spawner"", ""x"": ""1259"", ""y"": ""1155.5"", ""width"": ""16"", ""height"": ""-32"", ""legsColor"": ""72"", ""num"": ""1"", ""portTo"": ""1"", ""spawnType"": ""npc"", ""subtype"": ""6"", ""turn"": ""1""}"
0x0041E3EC,0x0841E3EC,5,level_descriptor_table,spawner,spawner,1222.5,1140,16,-32,npc,14,,72,1,0,,,,,,0,"{""type"": ""spawner"", ""name"": ""spawner"", ""x"": ""1222.5"", ""y"": ""1140"", ""width"": ""16"", ""height"": ""-32"", ""legsColor"": ""72"", ""num"": ""1"", ""portTo"": ""0"", ""spawnType"": ""npc"", ""subtype"": ""14"", ""turn"": ""0""}"
0x0041E450,0x0841E450,5,level_descriptor_table,spawner,spawner,1267.5,1178.5,16,-32,npc,10,,72,1,1,,,,,,1,"{""type"": ""spawner"", ""name"": ""spawner"", ""x"": ""1267.5"", ""y"": ""1178.5"", ""width"": ""16"", ""height"": ""-32"", ""legsColor"": ""72"", ""num"": ""1"", ""portTo"": ""1"", ""spawnType"": ""npc"", ""subtype"": ""10"", ""turn"": ""1""}"
0x0041E4B4,0x0841E4B4,5,level_descriptor_table,spawner,spawner,1317.5,1105.5,16,-32,npc,,,80,2,0,,,,,,0,"{""type"": ""spawner"", ""name"": ""spawner"", ""x"": ""1317.5"", ""y"": ""1105.5"", ""width"": ""16"", ""height"": ""-32"", ""legsColor"": ""80"", ""num"": ""2"", ""portTo"": ""0"", ""spawnType"": ""npc"", ""turn"": ""0""}"
0x0041E510,0x0841E510,5,level_descriptor_table,spawner,spawner,1070,1167,16,-16,npc,,,112,5,0,,,,,,1,"{""type"": ""spawner"", ""name"": ""spawner"", ""x"": ""1070"", ""y"": ""1167"", ""width"": ""16"", ""height"": ""-16"", ""legsColor"": ""112"", ""num"": ""5"", ""portTo"": ""0"", ""spawnType"": ""npc"", ""turn"": ""1""}"
0x0041E56C,0x0841E56C,5,level_descriptor_table,spawner,spawner,1033,1174.5,16,-16,npc,,,112,5,0,,,,,,0,"{""type"": ""spawner"", ""name"": ""spawner"", ""x"": ""1033"", ""y"": ""1174.5"", ""width"": ""16"", ""height"": ""-16"", ""legsColor"": ""112"", ""num"": ""5"", ""portTo"": ""0"", ""spawnType"": ""npc"", ""turn"": ""0""}"
0x0041E5C8,0x0841E5C8,5,level_descriptor_table,spawner,spawner,1057.5,1149.5,16,-16,npc,,,112,5,0,,,,,,1,"{""type"": ""spawner"", ""name"": ""spawner"", ""x"": ""1057.5"", ""y"": ""1149.5"", ""width"": ""16"", ""height"": ""-16"", ""legsColor"": ""112"", ""num"": ""5"", ""portTo"": ""0"", ""spawnType"": ""npc"", ""turn"": ""1""}"
0x0041E624,0x0841E624,5,level_descriptor_table,spawner,spawner,994.75,1159.75,16,-16,npc,,,112,5,0,,,,,,0,"{""type"": ""spawner"", ""name"": ""spawner"", ""x"": ""994.75"", ""y"": ""1159.75"", ""width"": ""16"", ""height"": ""-16"", ""legsColor"": ""112"", ""num"": ""5"", ""portTo"": ""0"", ""spawnType"": ""npc"", ""turn"": ""0""}"
0x0041E680,0x0841E680,5,level_descriptor_table,spawner,spawner,1293.5,1108.5,16,-16,npc,,,112,5,0,,,,,,1,"{""type"": ""spawner"", ""name"": ""spawner"", ""x"": ""1293.5"", ""y"": ""1108.5"", ""width"": ""16"", ""height"": ""-16"", ""legsColor"": ""112"", ""num"": ""5"", ""portTo"": ""0"", ""spawnType"": ""npc"", ""turn"": ""1""}"
0x0041E6DC,0x0841E6DC,5,level_descriptor_table,spawner,spawner,1337,1176.5,16,-32,npc,4,,24,1,0,,,,,,,"{""type"": ""spawner"", ""name"": ""spawner"", ""x"": ""1337"", ""y"": ""1176.5"", ""width"": ""16"", ""height"": ""-32"", ""legsColor"": ""24"", ""num"": ""1"", ""portTo"": ""0"", ""spawnType"": ""npc"", ""subtype"": ""4""}"
0x0047C354,0x0847C354,4,level_descriptor_table,player,Player,878.667,740,16,32,,,,1,,,,,,,,,"{""type"": ""player"", ""name"": ""Player"", ""x"": ""878.667"", ""y"": ""740"", ""width"": ""16"", ""height"": ""32"", ""legsColor"": ""1""}"
0x0047C390,0x0847C390,4,level_descriptor_table,spawner,spawner,894.667,671.667,16,-32,npc,,,24,2,0,,,,,,,"{""type"": ""spawner"", ""name"": ""spawner"", ""x"": ""894.667"", ""y"": ""671.667"", ""width"": ""16"", ""height"": ""-32"", ""legsColor"": ""24"", ""num"": ""2"", ""portTo"": ""0"", ""spawnType"": ""npc""}"
0x0047C3E4,0x0847C3E4,4,level_descriptor_table,spawner,spawner,838.001,639.667,16,-32,npc,,,32,4,0,,,,,,1,"{""type"": ""spawner"", ""name"": ""spawner"", ""x"": ""838.001"", ""y"": ""639.667"", ""width"": ""16"", ""height"": ""-32"", ""legsColor"": ""32"", ""num"": ""4"", ""portTo"": ""0"", ""spawnType"": ""npc"", ""turn"": ""1""}"
0x0047C440,0x0847C440,4,level_descriptor_table,spawner,spawner,945.334,650.333,16,-32,npc,,,8,1,1,,,,,,,"{""type"": ""spawner"", ""name"": ""spawner"", ""x"": ""945.334"", ""y"": ""650.333"", ""width"": ""16"", ""height"": ""-32"", ""legsColor"": ""8"", ""num"": ""1"", ""portTo"": ""1"", ""spawnType"": ""npc""}"
0x0047C494,0x0847C494,4,level_descriptor_table,spawner,spawner,663.333,624.667,16,-32,npc,10,,8,1,1,,,,,,1,"{""type"": ""spawner"", ""name"": ""spawner"", ""x"": ""663.333"", ""y"": ""624.667"", ""width"": ""16"", ""height"": ""-32"", ""legsColor"": ""8"", ""num"": ""1"", ""portTo"": ""1"", ""spawnType"": ""npc"", ""subtype"": ""10"", ""turn"": ""1""}"
0x0047C4F8,0x0847C4F8,4,level_descriptor_table,spawner,spawner,688,635.333,16,-32,npc,12,,8,1,1,,,,,,0,"{""type"": ""spawner"", ""name"": ""spawner"", ""x"": ""688"", ""y"": ""635.333"", ""width"": ""16"", ""height"": ""-32"", ""legsColor"": ""8"", ""num"": ""1"", ""portTo"": ""1"", ""spawnType"": ""npc"", ""subtype"": ""12"", ""turn"": ""0""}"
0x004A9578,0x084A9578,3,level_descriptor_table,player,Player,362.667,767.333,16,-16,,,,1,,,,,,,,,"{""type"": ""player"", ""name"": ""Player"", ""x"": ""362.667"", ""y"": ""767.333"", ""width"": ""16"", ""height"": ""-16"", ""legsColor"": ""1""}"
0x004A95B4,0x084A95B4,3,level_descriptor_table,spawner,spawner,574.666,855,16,-32,npc,,,0,8,2,,,,,,,"{""type"": ""spawner"", ""name"": ""spawner"", ""x"": ""574.666"", ""y"": ""855"", ""width"": ""16"", ""height"": ""-32"", ""legsColor"": ""0"", ""num"": ""8"", ""portTo"": ""2"", ""spawnType"": ""npc""}"
0x004A9608,0x084A9608,3,level_descriptor_table,spawner,spawner,582.667,925.833,16,-16,grass,,,,,,,,,,,,"{""type"": ""spawner"", ""name"": ""spawner"", ""x"": ""582.667"", ""y"": ""925.833"", ""width"": ""16"", ""height"": ""-16"", ""spawnType"": ""grass""}"
0x004A9644,0x084A9644,3,level_descriptor_table,spawner,spawner,636.167,1059.33,16,-16,grass,,,,,,,,,,,1,"{""type"": ""spawner"", ""name"": ""spawner"", ""x"": ""636.167"", ""y"": ""1059.33"", ""width"": ""16"", ""height"": ""-16"", ""spawnType"": ""grass"", ""turn"": ""1""}"
0x004A9688,0x084A9688,3,level_descriptor_table,spawner,spawner,638.167,1024.33,16,-16,grass,,,,,,,,,,,1,"{""type"": ""spawner"", ""name"": ""spawner"", ""x"": ""638.167"", ""y"": ""1024.33"", ""width"": ""16"", ""height"": ""-16"", ""spawnType"": ""grass"", ""turn"": ""1""}"
0x004A96CC,0x084A96CC,3,level_descriptor_table,spawner,spawner,629.167,1010.83,16,-16,grass,,,,,,,,,,,1,"{""type"": ""spawner"", ""name"": ""spawner"", ""x"": ""629.167"", ""y"": ""1010.83"", ""width"": ""16"", ""height"": ""-16"", ""spawnType"": ""grass"", ""turn"": ""1""}"
0x004A9710,0x084A9710,3,level_descriptor_table,spawner,spawner,659.667,1023.83,16,-16,grass,,,,,,,,,,,1,"{""type"": ""spawner"", ""name"": ""spawner"", ""x"": ""659.667"", ""y"": ""1023.83"", ""width"": ""16"", ""height"": ""-16"", ""spawnType"": ""grass"", ""turn"": ""1""}"
0x004A9754,0x084A9754,3,level_descriptor_table,spawner,spawner,654.167,1006.33,16,-16,grass,,,,,,,,,,,1,"{""type"": ""spawner"", ""name"": ""spawner"", ""x"": ""654.167"", ""y"": ""1006.33"", ""width"": ""16"", ""height"": ""-16"", ""spawnType"": ""grass"", ""turn"": ""1""}"
0x004A9798,0x084A9798,3,level_descriptor_table,spawner,spawner,634.667,942.333,16,-16,grass,,,,,,,,,,,1,"{""type"": ""spawner"", ""name"": ""spawner"", ""x"": ""634.667"", ""y"": ""942.333"", ""width"": ""16"", ""height"": ""-16"", ""spawnType"": ""grass"", ""turn"": ""1""}"
0x004A97DC,0x084A97DC,3,level_descriptor_table,spawner,spawner,636.167,900.333,16,-16,grass,,,,,,,,,,,1,"{""type"": ""spawner"", ""name"": ""spawner"", ""x"": ""636.167"", ""y"": ""900.333"", ""width"": ""16"", ""height"": ""-16"", ""spawnType"": ""grass"", ""turn"": ""1""}"
0x004A9820,0x084A9820,3,level_descriptor_table,spawner,spawner,584.167,946.333,16,-16,grass,,,,,,,,,,,,"{""type"": ""spawner"", ""name"": ""spawner"", ""x"": ""584.167"", ""y"": ""946.333"", ""width"": ""16"", ""height"": ""-16"", ""spawnType"": ""grass""}"
0x004A985C,0x084A985C,3,level_descriptor_table,spawner,spawner,727.667,1022.33,16,-16,grass,,,,,,,,,,,1,"{""type"": ""spawner"", ""name"": ""spawner"", ""x"": ""727.667"", ""y"": ""1022.33"", ""width"": ""16"", ""height"": ""-16"", ""spawnType"": ""grass"", ""turn"": ""1""}"
0x004A98A0,0x084A98A0,3,level_descriptor_table,spawner,spawner,743.667,930.833,16,-16,grass,,,,,,,,,,,,"{""type"": ""spawner"", ""name"": ""spawner"", ""x"": ""743.667"", ""y"": ""930.833"", ""width"": ""16"", ""height"": ""-16"", ""spawnType"": ""grass""}"
0x004A98DC,0x084A98DC,3,level_descriptor_table,spawner,spawner,631.667,990.833,16,-16,grass,,,,,,,,,,,,"{""type"": ""spawner"", ""name"": ""spawner"", ""x"": ""631.667"", ""y"": ""990.833"", ""width"": ""16"", ""height"": ""-16"", ""spawnType"": ""grass""}"
0x004A9918,0x084A9918,3,level_descriptor_table,spawner,spawner,639.667,1068.33,16,-16,grass,,,,,,,,,,,,"{""type"": ""spawner"", ""name"": ""spawner"", ""x"": ""639.667"", ""y"": ""1068.33"", ""width"": ""16"", ""height"": ""-16"", ""spawnType"": ""grass""}"
0x004A9954,0x084A9954,3,level_descriptor_table,spawner,spawner,578.667,939.833,16,-16,grass,,,,,,,,,,,,"{""type"": ""spawner"", ""name"": ""spawner"", ""x"": ""578.667"", ""y"": ""939.833"", ""width"": ""16"", ""height"": ""-16"", ""spawnType"": ""grass""}"
0x004A9990,0x084A9990,3,level_descriptor_table,spawner,spawner,572.167,928.833,16,-16,grass,,,,,,,,,,,,"{""type"": ""spawner"", ""name"": ""spawner"", ""x"": ""572.167"", ""y"": ""928.833"", ""width"": ""16"", ""height"": ""-16"", ""spawnType"": ""grass""}"
0x004A99CC,0x084A99CC,3,level_descriptor_table,spawner,spawner,576.167,923.833,16,-16,grass,,,,,,,,,,,,"{""type"": ""spawner"", ""name"": ""spawner"", ""x"": ""576.167"", ""y"": ""923.833"", ""width"": ""16"", ""height"": ""-16"", ""spawnType"": ""grass""}"
0x004A9A08,0x084A9A08,3,level_descriptor_table,spawner,spawner,733.167,1026.33,16,-16,grass,,,,,,,,,,,,"{""type"": ""spawner"", ""name"": ""spawner"", ""x"": ""733.167"", ""y"": ""1026.33"", ""width"": ""16"", ""height"": ""-16"", ""spawnType"": ""grass""}"
0x004A9A44,0x084A9A44,3,level_descriptor_table,spawner,spawner,728.667,1067.33,16,-16,grass,,,,,,,,,,,1,"{""type"": ""spawner"", ""name"": ""spawner"", ""x"": ""728.667"", ""y"": ""1067.33"", ""width"": ""16"", ""height"": ""-16"", ""spawnType"": ""grass"", ""turn"": ""1""}"
0x004A9A88,0x084A9A88,3,level_descriptor_table,spawner,spawner,740.667,1073.33,16,-16,grass,,,,,,,,,,,1,"{""type"": ""spawner"", ""name"": ""spawner"", ""x"": ""740.667"", ""y"": ""1073.33"", ""width"": ""16"", ""height"": ""-16"", ""spawnType"": ""grass"", ""turn"": ""1""}"
0x004A9ACC,0x084A9ACC,3,level_descriptor_table,spawner,spawner,726.833,1032.17,16,-16,grass,,,,,,,,,,,1,"{""type"": ""spawner"", ""name"": ""spawner"", ""x"": ""726.833"", ""y"": ""1032.17"", ""width"": ""16"", ""height"": ""-16"", ""spawnType"": ""grass"", ""turn"": ""1""}"
0x004A9B10,0x084A9B10,3,level_descriptor_table,spawner,spawner,644.833,935.333,16,-16,grass,,,,,,,,,,,,"{""type"": ""spawner"", ""name"": ""spawner"", ""x"": ""644.833"", ""y"": ""935.333"", ""width"": ""16"", ""height"": ""-16"", ""spawnType"": ""grass""}"
0x004A9B4C,0x084A9B4C,3,level_descriptor_table,spawner,spawner,645,926.833,16,-16,grass,,,,,,,,,,,,"{""type"": ""spawner"", ""name"": ""spawner"", ""x"": ""645"", ""y"": ""926.833"", ""width"": ""16"", ""height"": ""-16"", ""spawnType"": ""grass""}"
0x004A9B88,0x084A9B88,3,level_descriptor_table,spawner,spawner,575.333,886.667,16,-16,grass,,,,,,,,,,,,"{""type"": ""spawner"", ""name"": ""spawner"", ""x"": ""575.333"", ""y"": ""886.667"", ""width"": ""16"", ""height"": ""-16"", ""spawnType"": ""grass""}"
0x004A9BC4,0x084A9BC4,3,level_descriptor_table,spawner,spawner,481,1033.33,16,-16,grass,,,,,,,,,,,,"{""type"": ""spawner"", ""name"": ""spawner"", ""x"": ""481"", ""y"": ""1033.33"", ""width"": ""16"", ""height"": ""-16"", ""spawnType"": ""grass""}"
0x004A9C00,0x084A9C00,3,level_descriptor_table,spawner,spawner,509,778.333,16,-16,grass,,,,,,,,,,,,"{""type"": ""spawner"", ""name"": ""spawner"", ""x"": ""509"", ""y"": ""778.333"", ""width"": ""16"", ""height"": ""-16"", ""spawnType"": ""grass""}"
0x004A9C3C,0x084A9C3C,3,level_descriptor_table,spawner,spawner,674,815.333,16,-16,grass,,,,,,,,,,,,"{""type"": ""spawner"", ""name"": ""spawner"", ""x"": ""674"", ""y"": ""815.333"", ""width"": ""16"", ""height"": ""-16"", ""spawnType"": ""grass""}"
0x004A9C78,0x084A9C78,3,level_descriptor_table,spawner,spawner,560,770.667,16,-16,grass,,,,,,,,,,,,"{""type"": ""spawner"", ""name"": ""spawner"", ""x"": ""560"", ""y"": ""770.667"", ""width"": ""16"", ""height"": ""-16"", ""spawnType"": ""grass""}"
0x004A9CB4,0x084A9CB4,3,level_descriptor_table,spawner,spawner,516,784.667,16,-16,grass,,,,,,,,,,,,"{""type"": ""spawner"", ""name"": ""spawner"", ""x"": ""516"", ""y"": ""784.667"", ""width"": ""16"", ""height"": ""-16"", ""spawnType"": ""grass""}"
0x004A9CF0,0x084A9CF0,3,level_descriptor_table,spawner,spawner,680.667,830,16,-16,grass,,,,,,,,,,,1,"{""type"": ""spawner"", ""name"": ""spawner"", ""x"": ""680.667"", ""y"": ""830"", ""width"": ""16"", ""height"": ""-16"", ""spawnType"": ""grass"", ""turn"": ""1""}"
0x004A9D34,0x084A9D34,3,level_descriptor_table,spawner,spawner,517,738.833,16,-16,grass,,,,,,,,,,,1,"{""type"": ""spawner"", ""name"": ""spawner"", ""x"": ""517"", ""y"": ""738.833"", ""width"": ""16"", ""height"": ""-16"", ""spawnType"": ""grass"", ""turn"": ""1""}"
0x004A9D78,0x084A9D78,3,level_descriptor_table,spawner,spawner,541.333,776,16,-16,grass,,,,,,,,,,,1,"{""type"": ""spawner"", ""name"": ""spawner"", ""x"": ""541.333"", ""y"": ""776"", ""width"": ""16"", ""height"": ""-16"", ""spawnType"": ""grass"", ""turn"": ""1""}"
0x004A9DBC,0x084A9DBC,3,level_descriptor_table,spawner,spawner,567.333,788,16,-16,grass,,,,,,,,,,,1,"{""type"": ""spawner"", ""name"": ""spawner"", ""x"": ""567.333"", ""y"": ""788"", ""width"": ""16"", ""height"": ""-16"", ""spawnType"": ""grass"", ""turn"": ""1""}"
0x004A9E00,0x084A9E00,3,level_descriptor_table,spawner,spawner,526,832.667,16,-16,grass,,,,,,,,,,,1,"{""type"": ""spawner"", ""name"": ""spawner"", ""x"": ""526"", ""y"": ""832.667"", ""width"": ""16"", ""height"": ""-16"", ""spawnType"": ""grass"", ""turn"": ""1""}"
0x004A9E44,0x084A9E44,3,level_descriptor_table,spawner,spawner,503.333,749.333,16,-16,grass,,,,,,,,,,,1,"{""type"": ""spawner"", ""name"": ""spawner"", ""x"": ""503.333"", ""y"": ""749.333"", ""width"": ""16"", ""height"": ""-16"", ""spawnType"": ""grass"", ""turn"": ""1""}"
0x004A9E88,0x084A9E88,3,level_descriptor_table,spawner,spawner,537.333,737.333,16,-16,grass,,,,,,,,,,,1,"{""type"": ""spawner"", ""name"": ""spawner"", ""x"": ""537.333"", ""y"": ""737.333"", ""width"": ""16"", ""height"": ""-16"", ""spawnType"": ""grass"", ""turn"": ""1""}"
0x004A9ECC,0x084A9ECC,3,level_descriptor_table,spawner,spawner,502.667,668.667,16,-16,grass,,,,,,,,,,,,"{""type"": ""spawner"", ""name"": ""spawner"", ""x"": ""502.667"", ""y"": ""668.667"", ""width"": ""16"", ""height"": ""-16"", ""spawnType"": ""grass""}"
0x004A9F08,0x084A9F08,3,level_descriptor_table,spawner,spawner,485.667,1039,16,-16,grass,,,,,,,,,,,,"{""type"": ""spawner"", ""name"": ""spawner"", ""x"": ""485.667"", ""y"": ""1039"", ""width"": ""16"", ""height"": ""-16"", ""spawnType"": ""grass""}"
0x004A9F44,0x084A9F44,3,level_descriptor_table,spawner,spawner,630.667,916.667,16,-16,grass,,,,,,,,,,,,"{""type"": ""spawner"", ""name"": ""spawner"", ""x"": ""630.667"", ""y"": ""916.667"", ""width"": ""16"", ""height"": ""-16"", ""spawnType"": ""grass""}"
0x004A9F80,0x084A9F80,3,level_descriptor_table,spawner,spawner,642.417,1016.42,16,-16,grass,,,,,,,,,,,1,"{""type"": ""spawner"", ""name"": ""spawner"", ""x"": ""642.417"", ""y"": ""1016.42"", ""width"": ""16"", ""height"": ""-16"", ""spawnType"": ""grass"", ""turn"": ""1""}"
0x004A9FC4,0x084A9FC4,3,level_descriptor_table,spawner,spawner,648.417,1034.42,16,-16,grass,,,,,,,,,,,1,"{""type"": ""spawner"", ""name"": ""spawner"", ""x"": ""648.417"", ""y"": ""1034.42"", ""width"": ""16"", ""height"": ""-16"", ""spawnType"": ""grass"", ""turn"": ""1""}"
0x004AA008,0x084AA008,3,level_descriptor_table,spawner,spawner,649.417,1057.92,16,-16,grass,,,,,,,,,,,,"{""type"": ""spawner"", ""name"": ""spawner"", ""x"": ""649.417"", ""y"": ""1057.92"", ""width"": ""16"", ""height"": ""-16"", ""spawnType"": ""grass""}"
0x004AA044,0x084AA044,3,level_descriptor_table,spawner,spawner,666.917,1018.92,16,-16,grass,,,,,,,,,,,,"{""type"": ""spawner"", ""name"": ""spawner"", ""x"": ""666.917"", ""y"": ""1018.92"", ""width"": ""16"", ""height"": ""-16"", ""spawnType"": ""grass""}"
0x004AA080,0x084AA080,3,level_descriptor_table,spawner,spawner,639.083,996.25,16,-16,grass,,,,,,,,,,,1,"{""type"": ""spawner"", ""name"": ""spawner"", ""x"": ""639.083"", ""y"": ""996.25"", ""width"": ""16"", ""height"": ""-16"", ""spawnType"": ""grass"", ""turn"": ""1""}"
0x004AA0C4,0x084AA0C4,3,level_descriptor_table,spawner,spawner,648.583,1013.75,16,-16,grass,,,,,,,,,,,1,"{""type"": ""spawner"", ""name"": ""spawner"", ""x"": ""648.583"", ""y"": ""1013.75"", ""width"": ""16"", ""height"": ""-16"", ""spawnType"": ""grass"", ""turn"": ""1""}"
0x004AA108,0x084AA108,3,level_descriptor_table,spawner,spawner,628.083,1026.25,16,-16,grass,,,,,,,,,,,,"{""type"": ""spawner"", ""name"": ""spawner"", ""x"": ""628.083"", ""y"": ""1026.25"", ""width"": ""16"", ""height"": ""-16"", ""spawnType"": ""grass""}"
0x004AA144,0x084AA144,3,level_descriptor_table,spawner,spawner,659.083,993.083,16,-16,grass,,,,,,,,,,,,"{""type"": ""spawner"", ""name"": ""spawner"", ""x"": ""659.083"", ""y"": ""993.083"", ""width"": ""16"", ""height"": ""-16"", ""spawnType"": ""grass""}"
0x004AA180,0x084AA180,3,level_descriptor_table,spawner,spawner,737,1015.5,16,-16,grass,,,,,,,,,,,,"{""type"": ""spawner"", ""name"": ""spawner"", ""x"": ""737"", ""y"": ""1015.5"", ""width"": ""16"", ""height"": ""-16"", ""spawnType"": ""grass""}"
0x004AA1BC,0x084AA1BC,3,level_descriptor_table,spawner,spawner,749.667,1074.33,16,-16,grass,,,,,,,,,,,1,"{""type"": ""spawner"", ""name"": ""spawner"", ""x"": ""749.667"", ""y"": ""1074.33"", ""width"": ""16"", ""height"": ""-16"", ""spawnType"": ""grass"", ""turn"": ""1""}"
0x004AA200,0x084AA200,3,level_descriptor_table,spawner,spawner,628,1041,16,-16,grass,,,,,,,,,,,1,"{""type"": ""spawner"", ""name"": ""spawner"", ""x"": ""628"", ""y"": ""1041"", ""width"": ""16"", ""height"": ""-16"", ""spawnType"": ""grass"", ""turn"": ""1""}"
0x004AA244,0x084AA244,3,level_descriptor_table,spawner,spawner,740.333,1081.67,16,-16,grass,,,,,,,,,,,1,"{""type"": ""spawner"", ""name"": ""spawner"", ""x"": ""740.333"", ""y"": ""1081.67"", ""width"": ""16"", ""height"": ""-16"", ""spawnType"": ""grass"", ""turn"": ""1""}"
0x004AA288,0x084AA288,3,level_descriptor_table,spawner,spawner,640.167,922.166,16,-16,grass,,,,,,,,,,,1,"{""type"": ""spawner"", ""name"": ""spawner"", ""x"": ""640.167"", ""y"": ""922.166"", ""width"": ""16"", ""height"": ""-16"", ""spawnType"": ""grass"", ""turn"": ""1""}"
0x004AA2CC,0x084AA2CC,3,level_descriptor_table,spawner,spawner,652.167,983,16,-16,grass,,,,,,,,,,,,"{""type"": ""spawner"", ""name"": ""spawner"", ""x"": ""652.167"", ""y"": ""983"", ""width"": ""16"", ""height"": ""-16"", ""spawnType"": ""grass""}"
0x004AA308,0x084AA308,3,level_descriptor_table,spawner,spawner,512.208,730.291,16,-16,grass,,,,,,,,,,,1,"{""type"": ""spawner"", ""name"": ""spawner"", ""x"": ""512.208"", ""y"": ""730.291"", ""width"": ""16"", ""height"": ""-16"", ""spawnType"": ""grass"", ""turn"": ""1""}"
0x004AA34C,0x084AA34C,3,level_descriptor_table,spawner,spawner,521.708,747.791,16,-16,grass,,,,,,,,,,,1,"{""type"": ""spawner"", ""name"": ""spawner"", ""x"": ""521.708"", ""y"": ""747.791"", ""width"": ""16"", ""height"": ""-16"", ""spawnType"": ""grass"", ""turn"": ""1""}"
0x004AA390,0x084AA390,3,level_descriptor_table,spawner,spawner,501.208,760.291,16,-16,grass,,,,,,,,,,,,"{""type"": ""spawner"", ""name"": ""spawner"", ""x"": ""501.208"", ""y"": ""760.291"", ""width"": ""16"", ""height"": ""-16"", ""spawnType"": ""grass""}"
0x004AA3CC,0x084AA3CC,3,level_descriptor_table,spawner,spawner,517.208,769.791,16,-16,grass,,,,,,,,,,,,"{""type"": ""spawner"", ""name"": ""spawner"", ""x"": ""517.208"", ""y"": ""769.791"", ""width"": ""16"", ""height"": ""-16"", ""spawnType"": ""grass""}"
0x004AA408,0x084AA408,3,level_descriptor_table,spawner,spawner,525.458,728.875,16,-16,grass,,,,,,,,,,,,"{""type"": ""spawner"", ""name"": ""spawner"", ""x"": ""525.458"", ""y"": ""728.875"", ""width"": ""16"", ""height"": ""-16"", ""spawnType"": ""grass""}"
0x004AA444,0x084AA444,3,level_descriptor_table,spawner,spawner,546.792,792.375,16,-16,grass,,,,,,,,,,,,"{""type"": ""spawner"", ""name"": ""spawner"", ""x"": ""546.792"", ""y"": ""792.375"", ""width"": ""16"", ""height"": ""-16"", ""spawnType"": ""grass""}"
0x004AA480,0x084AA480,3,level_descriptor_table,spawner,spawner,575.542,760.291,16,-16,grass,,,,,,,,,,,1,"{""type"": ""spawner"", ""name"": ""spawner"", ""x"": ""575.542"", ""y"": ""760.291"", ""width"": ""16"", ""height"": ""-16"", ""spawnType"": ""grass"", ""turn"": ""1""}"
0x004AA4C4,0x084AA4C4,3,level_descriptor_table,spawner,spawner,536.542,787.791,16,-16,grass,,,,,,,,,,,1,"{""type"": ""spawner"", ""name"": ""spawner"", ""x"": ""536.542"", ""y"": ""787.791"", ""width"": ""16"", ""height"": ""-16"", ""spawnType"": ""grass"", ""turn"": ""1""}"
0x004AA508,0x084AA508,3,level_descriptor_table,spawner,spawner,564.542,790.291,16,-16,grass,,,,,,,,,,,,"{""type"": ""spawner"", ""name"": ""spawner"", ""x"": ""564.542"", ""y"": ""790.291"", ""width"": ""16"", ""height"": ""-16"", ""spawnType"": ""grass""}"
0x004AA544,0x084AA544,3,level_descriptor_table,spawner,spawner,535.542,778.791,16,-16,grass,,,,,,,,,,,,"{""type"": ""spawner"", ""name"": ""spawner"", ""x"": ""535.542"", ""y"": ""778.791"", ""width"": ""16"", ""height"": ""-16"", ""spawnType"": ""grass""}"
0x004AA580,0x084AA580,3,level_descriptor_table,spawner,spawner,588.792,758.875,16,-16,grass,,,,,,,,,,,,"{""type"": ""spawner"", ""name"": ""spawner"", ""x"": ""588.792"", ""y"": ""758.875"", ""width"": ""16"", ""height"": ""-16"", ""spawnType"": ""grass""}"
0x004AA5BC,0x084AA5BC,3,level_descriptor_table,spawner,spawner,529.292,744.875,16,-16,grass,,,,,,,,,,,,"{""type"": ""spawner"", ""name"": ""spawner"", ""x"": ""529.292"", ""y"": ""744.875"", ""width"": ""16"", ""height"": ""-16"", ""spawnType"": ""grass""}"
0x004E761C,0x084E761C,2,level_descriptor_table,player,Player,994.281,381.349,16,32,,,,1,,,,,,,,,"{""type"": ""player"", ""name"": ""Player"", ""x"": ""994.281"", ""y"": ""381.349"", ""width"": ""16"", ""height"": ""32"", ""legsColor"": ""1""}"
0x004E7658,0x084E7658,2,level_descriptor_table,fgtile,Fgtile,1000,288,16,16,,,,,150,0,,,,,,,"{""type"": ""fgtile"", ""name"": ""Fgtile"", ""x"": ""1000"", ""y"": ""288"", ""width"": ""16"", ""height"": ""16"", ""num"": ""150"", ""portTo"": ""0""}"
0x004E769C,0x084E769C,2,level_descriptor_table,fgtile,Fgtile,677.75,547.583,90,4,,,2,,,,,,,,,1,"{""type"": ""fgtile"", ""name"": ""Fgtile"", ""x"": ""677.75"", ""y"": ""547.583"", ""width"": ""90"", ""height"": ""4"", ""treetype"": ""2"", ""turn"": ""1""}"
0x004E76E0,0x084E76E0,2,level_descriptor_table,fgtile,Fgtile,800,448,4,90,,,0,,,,,,,,,0,"{""type"": ""fgtile"", ""name"": ""Fgtile"", ""x"": ""800"", ""y"": ""448"", ""width"": ""4"", ""height"": ""90"", ""treetype"": ""0"", ""turn"": ""0""}"
0x004E7724,0x084E7724,2,level_descriptor_table,fgtile,Fgtile,722,458.667,4,40,,,1,,,,,,,,,2,"{""type"": ""fgtile"", ""name"": ""Fgtile"", ""x"": ""722"", ""y"": ""458.667"", ""width"": ""4"", ""height"": ""40"", ""treetype"": ""1"", ""turn"": ""2""}"
0x004E7768,0x084E7768,2,level_descriptor_table,fgtile,Fgtile,1032,288,16,16,,,,,150,0,,,,,,,"{""type"": ""fgtile"", ""name"": ""Fgtile"", ""x"": ""1032"", ""y"": ""288"", ""width"": ""16"", ""height"": ""16"", ""num"": ""150"", ""portTo"": ""0""}"
0x004E77AC,0x084E77AC,2,level_descriptor_table,fgtile,Fgtile,1016,288,16,16,,,,,150,0,,,,,,,"{""type"": ""fgtile"", ""name"": ""Fgtile"", ""x"": ""1016"", ""y"": ""288"", ""width"": ""16"", ""height"": ""16"", ""num"": ""150"", ""portTo"": ""0""}"
0x004E77F0,0x084E77F0,2,level_descriptor_table,spawner,spawner,955.5,586.833,16,-32,npc,,,8,1,1,,,,,,1,"{""type"": ""spawner"", ""name"": ""spawner"", ""x"": ""955.5"", ""y"": ""586.833"", ""width"": ""16"", ""height"": ""-32"", ""legsColor"": ""8"", ""num"": ""1"", ""portTo"": ""1"", ""spawnType"": ""npc"", ""turn"": ""1""}"
0x004E784C,0x084E784C,2,level_descriptor_table,spawner,spawner,982.167,592.167,16,-32,npc,,,0,8,2,,,,,,,"{""type"": ""spawner"", ""name"": ""spawner"", ""x"": ""982.167"", ""y"": ""592.167"", ""width"": ""16"", ""height"": ""-32"", ""legsColor"": ""0"", ""num"": ""8"", ""portTo"": ""2"", ""spawnType"": ""npc""}"
0x004E78A0,0x084E78A0,2,level_descriptor_table,spawner,spawner,1206,933,16,-32,npc,,,24,2,0,,,,,,,"{""type"": ""spawner"", ""name"": ""spawner"", ""x"": ""1206"", ""y"": ""933"", ""width"": ""16"", ""height"": ""-32"", ""legsColor"": ""24"", ""num"": ""2"", ""portTo"": ""0"", ""spawnType"": ""npc""}"
0x004E78F4,0x084E78F4,2,level_descriptor_table,spawner,spawner,1009,768,16,-32,npc,2,,8,1,1,,,,,,1,"{""type"": ""spawner"", ""name"": ""spawner"", ""x"": ""1009"", ""y"": ""768"", ""width"": ""16"", ""height"": ""-32"", ""legsColor"": ""8"", ""num"": ""1"", ""portTo"": ""1"", ""spawnType"": ""npc"", ""subtype"": ""2"", ""turn"": ""1""}"
0x004E7958,0x084E7958,2,level_descriptor_table,spawner,spawner,1554.5,952,16,-32,npc,4,,8,1,1,,,,,,1,"{""type"": ""spawner"", ""name"": ""spawner"", ""x"": ""1554.5"", ""y"": ""952"", ""width"": ""16"", ""height"": ""-32"", ""legsColor"": ""8"", ""num"": ""1"", ""portTo"": ""1"", ""spawnType"": ""npc"", ""subtype"": ""4"", ""turn"": ""1""}"
0x004E79BC,0x084E79BC,2,level_descriptor_table,spawner,spawner,1580,956,16,-32,npc,6,,8,1,1,,,,,,0,"{""type"": ""spawner"", ""name"": ""spawner"", ""x"": ""1580"", ""y"": ""956"", ""width"": ""16"", ""height"": ""-32"", ""legsColor"": ""8"", ""num"": ""1"", ""portTo"": ""1"", ""spawnType"": ""npc"", ""subtype"": ""6"", ""turn"": ""0""}"
0x004E7A20,0x084E7A20,2,level_descriptor_table,spawner,spawner,1397.5,882.5,16,-32,npc,8,,8,1,1,,,,,,0,"{""type"": ""spawner"", ""name"": ""spawner"", ""x"": ""1397.5"", ""y"": ""882.5"", ""width"": ""16"", ""height"": ""-32"", ""legsColor"": ""8"", ""num"": ""1"", ""portTo"": ""1"", ""spawnType"": ""npc"", ""subtype"": ""8"", ""turn"": ""0""}"
0x004E7A84,0x084E7A84,2,level_descriptor_table,spawner,spawner,1227.5,938,16,-32,npc,10,,8,1,1,,,,,,0,"{""type"": ""spawner"", ""name"": ""spawner"", ""x"": ""1227.5"", ""y"": ""938"", ""width"": ""16"", ""height"": ""-32"", ""legsColor"": ""8"", ""num"": ""1"", ""portTo"": ""1"", ""spawnType"": ""npc"", ""subtype"": ""10"", ""turn"": ""0""}"
0x004E7AE8,0x084E7AE8,2,level_descriptor_table,spawner,spawner,946,696.5,16,-32,npc,14,,8,1,1,,,,,,1,"{""type"": ""spawner"", ""name"": ""spawner"", ""x"": ""946"", ""y"": ""696.5"", ""width"": ""16"", ""height"": ""-32"", ""legsColor"": ""8"", ""num"": ""1"", ""portTo"": ""1"", ""spawnType"": ""npc"", ""subtype"": ""14"", ""turn"": ""1""}"
0x00533B70,0x08533B70,1,level_descriptor_table,fgtile,Fgtile,176,384,16,16,,,,,10,0,,,,,,,"{""type"": ""fgtile"", ""name"": ""Fgtile"", ""x"": ""176"", ""y"": ""384"", ""width"": ""16"", ""height"": ""16"", ""num"": ""10"", ""portTo"": ""0""}"
0x00533BB4,0x08533BB4,1,level_descriptor_table,fgtile,Fgtile,192,384,16,16,,,,,10,0,,,,,,,"{""type"": ""fgtile"", ""name"": ""Fgtile"", ""x"": ""192"", ""y"": ""384"", ""width"": ""16"", ""height"": ""16"", ""num"": ""10"", ""portTo"": ""0""}"
0x00533BF8,0x08533BF8,1,level_descriptor_table,player,Player,184.439,367.023,16,32,,,,1,,,,,,,,,"{""type"": ""player"", ""name"": ""Player"", ""x"": ""184.439"", ""y"": ""367.023"", ""width"": ""16"", ""height"": ""32"", ""legsColor"": ""1""}"
0x00533C34,0x08533C34,1,level_descriptor_table,fgtile,Fgtile,128,368,16,16,,,,,10,2,,,,,,,"{""type"": ""fgtile"", ""name"": ""Fgtile"", ""x"": ""128"", ""y"": ""368"", ""width"": ""16"", ""height"": ""16"", ""num"": ""10"", ""portTo"": ""2""}"
0x00533C78,0x08533C78,1,level_descriptor_table,spawner,spawner,156.333,312.666,16,-32,npc,,,16,8,0,,,,,,,"{""type"": ""spawner"", ""name"": ""spawner"", ""x"": ""156.333"", ""y"": ""312.666"", ""width"": ""16"", ""height"": ""-32"", ""legsColor"": ""16"", ""num"": ""8"", ""portTo"": ""0"", ""spawnType"": ""npc""}"
0x00533CCC,0x08533CCC,1,level_descriptor_table,fgtile,Fgtile,239,368,16,16,,,,,10,3,,,,,,,"{""type"": ""fgtile"", ""name"": ""Fgtile"", ""x"": ""239"", ""y"": ""368"", ""width"": ""16"", ""height"": ""16"", ""num"": ""10"", ""portTo"": ""3""}"
0x00533D10,0x08533D10,1,level_descriptor_table,fgtile,Fgtile,240,302.5,16,16,,,,,10,4,,,,,,,"{""type"": ""fgtile"", ""name"": ""Fgtile"", ""x"": ""240"", ""y"": ""302.5"", ""width"": ""16"", ""height"": ""16"", ""num"": ""10"", ""portTo"": ""4""}"
0x00533D54,0x08533D54,1,level_descriptor_table,fgtile,Fgtile,128.5,304.5,16,16,,,,,10,5,,,,,,,"{""type"": ""fgtile"", ""name"": ""Fgtile"", ""x"": ""128.5"", ""y"": ""304.5"", ""width"": ""16"", ""height"": ""16"", ""num"": ""10"", ""portTo"": ""5""}"
0x00533D98,0x08533D98,1,level_descriptor_table,spawner,spawner,144,354,16,-32,npc,,,0,8,2,,,,,,,"{""type"": ""spawner"", ""name"": ""spawner"", ""x"": ""144"", ""y"": ""354"", ""width"": ""16"", ""height"": ""-32"", ""legsColor"": ""0"", ""num"": ""8"", ""portTo"": ""2"", ""spawnType"": ""npc""}"
0x00533DEC,0x08533DEC,1,level_descriptor_table,spawner,spawner,175.667,312,16,-32,npc,,,24,2,1,,,,,,,"{""type"": ""spawner"", ""name"": ""spawner"", ""x"": ""175.667"", ""y"": ""312"", ""width"": ""16"", ""height"": ""-32"", ""legsColor"": ""24"", ""num"": ""2"", ""portTo"": ""1"", ""spawnType"": ""npc""}"
0x00533E40,0x08533E40,1,level_descriptor_table,spawner,spawner,206,308,16,-32,npc,,,24,2,1,,,,,,,"{""type"": ""spawner"", ""name"": ""spawner"", ""x"": ""206"", ""y"": ""308"", ""width"": ""16"", ""height"": ""-32"", ""legsColor"": ""24"", ""num"": ""2"", ""portTo"": ""1"", ""spawnType"": ""npc""}"
0x00533E94,0x08533E94,1,level_descriptor_table,spawner,spawner,222,333.667,16,-32,npc,,,24,2,1,,,,,,,"{""type"": ""spawner"", ""name"": ""spawner"", ""x"": ""222"", ""y"": ""333.667"", ""width"": ""16"", ""height"": ""-32"", ""legsColor"": ""24"", ""num"": ""2"", ""portTo"": ""1"", ""spawnType"": ""npc""}"
0x00533EE8,0x08533EE8,1,level_descriptor_table,spawner,spawner,201.667,343.333,16,-32,npc,,,24,2,1,,,,,,,"{""type"": ""spawner"", ""name"": ""spawner"", ""x"": ""201.667"", ""y"": ""343.333"", ""width"": ""16"", ""height"": ""-32"", ""legsColor"": ""24"", ""num"": ""2"", ""portTo"": ""1"", ""spawnType"": ""npc""}"
0x00533F3C,0x08533F3C,1,level_descriptor_table,spawner,spawner,180.333,350.667,16,-32,npc,,,24,2,1,,,,,,,"{""type"": ""spawner"", ""name"": ""spawner"", ""x"": ""180.333"", ""y"": ""350.667"", ""width"": ""16"", ""height"": ""-32"", ""legsColor"": ""24"", ""num"": ""2"", ""portTo"": ""1"", ""spawnType"": ""npc""}"
0x00533F90,0x08533F90,1,level_descriptor_table,spawner,spawner,229.667,298.667,16,-32,npc,,,24,2,1,,,,,,,"{""type"": ""spawner"", ""name"": ""spawner"", ""x"": ""229.667"", ""y"": ""298.667"", ""width"": ""16"", ""height"": ""-32"", ""legsColor"": ""24"", ""num"": ""2"", ""portTo"": ""1"", ""spawnType"": ""npc""}"
0x00533FE4,0x08533FE4,1,level_descriptor_table,spawner,spawner,160.333,352.667,16,-32,npc,,,24,2,1,,,,,,,"{""type"": ""spawner"", ""name"": ""spawner"", ""x"": ""160.333"", ""y"": ""352.667"", ""width"": ""16"", ""height"": ""-32"", ""legsColor"": ""24"", ""num"": ""2"", ""portTo"": ""1"", ""spawnType"": ""npc""}"
0x0053B05C,0x0853B05C,0;6,level_descriptor_table,leaves,Leaves,608.021,383.979,7.9375,7.875,,,,1,,,,,,,,,"{""type"": ""leaves"", ""name"": ""Leaves"", ""x"": ""608.021"", ""y"": ""383.979"", ""width"": ""7.9375"", ""height"": ""7.875"", ""legsColor"": ""1""}"
0x0053B098,0x0853B098,0;6,level_descriptor_table,fgtile,Fgtile,658.583,578.083,90,4,,,2,,,,,,,,,1,"{""type"": ""fgtile"", ""name"": ""Fgtile"", ""x"": ""658.583"", ""y"": ""578.083"", ""width"": ""90"", ""height"": ""4"", ""treetype"": ""2"", ""turn"": ""1""}"
0x0053B0DC,0x0853B0DC,0;6,level_descriptor_table,fgtile,Fgtile,800,128,4,90,,,0,,,,,,,,,0,"{""type"": ""fgtile"", ""name"": ""Fgtile"", ""x"": ""800"", ""y"": ""128"", ""width"": ""4"", ""height"": ""90"", ""treetype"": ""0"", ""turn"": ""0""}"
0x0053B120,0x0853B120,0;6,level_descriptor_table,fgtile,Fgtile,654,885.334,4,40,,,1,,,,,,,,,2,"{""type"": ""fgtile"", ""name"": ""Fgtile"", ""x"": ""654"", ""y"": ""885.334"", ""width"": ""4"", ""height"": ""40"", ""treetype"": ""1"", ""turn"": ""2""}"
0x0053B164,0x0853B164,0;6,level_descriptor_table,fgtile,Fgtile,801.333,438,4,90,,,0,,,,,,,,,0,"{""type"": ""fgtile"", ""name"": ""Fgtile"", ""x"": ""801.333"", ""y"": ""438"", ""width"": ""4"", ""height"": ""90"", ""treetype"": ""0"", ""turn"": ""0""}"
0x0053B1A8,0x0853B1A8,0;6,level_descriptor_table,fgtile,Fgtile,658.5,565.5,90,4,,,4,,,,,,,,,1,"{""type"": ""fgtile"", ""name"": ""Fgtile"", ""x"": ""658.5"", ""y"": ""565.5"", ""width"": ""90"", ""height"": ""4"", ""treetype"": ""4"", ""turn"": ""1""}"
0x0053B1EC,0x0853B1EC,0;6,level_descriptor_table,fgtile,Fgtile,626.5,849.917,4,90,,,6,,,,,,,,,0,"{""type"": ""fgtile"", ""name"": ""Fgtile"", ""x"": ""626.5"", ""y"": ""849.917"", ""width"": ""4"", ""height"": ""90"", ""treetype"": ""6"", ""turn"": ""0""}"
0x0053B230,0x0853B230,0;6,level_descriptor_table,fgtile,Fgtile,849,566,90,4,,,8,,,,,,,,,1,"{""type"": ""fgtile"", ""name"": ""Fgtile"", ""x"": ""849"", ""y"": ""566"", ""width"": ""90"", ""height"": ""4"", ""treetype"": ""8"", ""turn"": ""1""}"
0x0053B274,0x0853B274,0;6,level_descriptor_table,player,Player,481.5,418.5,16,32,,,,1,,,,,,,,,"{""type"": ""player"", ""name"": ""Player"", ""x"": ""481.5"", ""y"": ""418.5"", ""width"": ""16"", ""height"": ""32"", ""legsColor"": ""1""}"
0x0053B2B0,0x0853B2B0,0;6,level_descriptor_table,fgtile,Fgtile,407.5,1716.5,16,16,,,,,150,2,,,,,,,"{""type"": ""fgtile"", ""name"": ""Fgtile"", ""x"": ""407.5"", ""y"": ""1716.5"", ""width"": ""16"", ""height"": ""16"", ""num"": ""150"", ""portTo"": ""2""}"
0x0053B2F4,0x0853B2F4,0;6,level_descriptor_table,fgtile,Fgtile,665.667,366.667,90,4,,,10,,,,,,,,,1,"{""type"": ""fgtile"", ""name"": ""Fgtile"", ""x"": ""665.667"", ""y"": ""366.667"", ""width"": ""90"", ""height"": ""4"", ""treetype"": ""10"", ""turn"": ""1""}"
0x0053B338,0x0853B338,0;6,level_descriptor_table,fgtile,Fgtile,851,370,90,4,,,10,,,,,,,,,1,"{""type"": ""fgtile"", ""name"": ""Fgtile"", ""x"": ""851"", ""y"": ""370"", ""width"": ""90"", ""height"": ""4"", ""treetype"": ""10"", ""turn"": ""1""}"
0x0053B37C,0x0853B37C,0;6,level_descriptor_table,fgtile,Fgtile,659,606,90,4,,,12,,,,,,,,,1,"{""type"": ""fgtile"", ""name"": ""Fgtile"", ""x"": ""659"", ""y"": ""606"", ""width"": ""90"", ""height"": ""4"", ""treetype"": ""12"", ""turn"": ""1""}"
0x0053B3C0,0x0853B3C0,0;6,level_descriptor_table,fgtile,Fgtile,1675,569,90,4,,,8,,,,,,,,,1,"{""type"": ""fgtile"", ""name"": ""Fgtile"", ""x"": ""1675"", ""y"": ""569"", ""width"": ""90"", ""height"": ""4"", ""treetype"": ""8"", ""turn"": ""1""}"
0x0053B404,0x0853B404,0;6,level_descriptor_table,spawner,spawner,424.333,454,16,-16,grass,,,,,,,,,,,1,"{""type"": ""spawner"", ""name"": ""spawner"", ""x"": ""424.333"", ""y"": ""454"", ""width"": ""16"", ""height"": ""-16"", ""spawnType"": ""grass"", ""turn"": ""1""}"
0x0053B448,0x0853B448,0;6,level_descriptor_table,spawner,spawner,584.333,521,16,-16,grass,,,,,,,,,,,1,"{""type"": ""spawner"", ""name"": ""spawner"", ""x"": ""584.333"", ""y"": ""521"", ""width"": ""16"", ""height"": ""-16"", ""spawnType"": ""grass"", ""turn"": ""1""}"
0x0053B48C,0x0853B48C,0;6,level_descriptor_table,spawner,spawner,665,511.667,16,-16,grass,,,,,,,,,,,1,"{""type"": ""spawner"", ""name"": ""spawner"", ""x"": ""665"", ""y"": ""511.667"", ""width"": ""16"", ""height"": ""-16"", ""spawnType"": ""grass"", ""turn"": ""1""}"
0x0053B4D0,0x0853B4D0,0;6,level_descriptor_table,spawner,spawner,657.333,519.667,16,-16,grass,,,,,,,,,,,0,"{""type"": ""spawner"", ""name"": ""spawner"", ""x"": ""657.333"", ""y"": ""519.667"", ""width"": ""16"", ""height"": ""-16"", ""spawnType"": ""grass"", ""turn"": ""0""}"
0x0053B514,0x0853B514,0;6,level_descriptor_table,spawner,spawner,727.333,520.333,16,-16,grass,,,,,,,,,,,0,"{""type"": ""spawner"", ""name"": ""spawner"", ""x"": ""727.333"", ""y"": ""520.333"", ""width"": ""16"", ""height"": ""-16"", ""spawnType"": ""grass"", ""turn"": ""0""}"
0x0053B558,0x0853B558,0;6,level_descriptor_table,spawner,spawner,667.896,119.522,16,-16,grass,,,,,,,,,,,,"{""type"": ""spawner"", ""name"": ""spawner"", ""x"": ""667.896"", ""y"": ""119.522"", ""width"": ""16"", ""height"": ""-16"", ""spawnType"": ""grass""}"
0x0053B594,0x0853B594,0;6,level_descriptor_table,spawner,spawner,649.229,124.855,16,-16,grass,,,,,,,,,,,1,"{""type"": ""spawner"", ""name"": ""spawner"", ""x"": ""649.229"", ""y"": ""124.855"", ""width"": ""16"", ""height"": ""-16"", ""spawnType"": ""grass"", ""turn"": ""1""}"
0x0053B5D8,0x0853B5D8,0;6,level_descriptor_table,spawner,spawner,675.229,136.855,16,-16,grass,,,,,,,,,,,1,"{""type"": ""spawner"", ""name"": ""spawner"", ""x"": ""675.229"", ""y"": ""136.855"", ""width"": ""16"", ""height"": ""-16"", ""spawnType"": ""grass"", ""turn"": ""1""}"
0x0053B61C,0x0853B61C,0;6,level_descriptor_table,spawner,spawner,683.438,109.145,16,-16,grass,,,,,,,,,,,1,"{""type"": ""spawner"", ""name"": ""spawner"", ""x"": ""683.438"", ""y"": ""109.145"", ""width"": ""16"", ""height"": ""-16"", ""spawnType"": ""grass"", ""turn"": ""1""}"
0x0053B660,0x0853B660,0;6,level_descriptor_table,spawner,spawner,719.896,114.855,16,-16,grass,,,,,,,,,,,,"{""type"": ""spawner"", ""name"": ""spawner"", ""x"": ""719.896"", ""y"": ""114.855"", ""width"": ""16"", ""height"": ""-16"", ""spawnType"": ""grass""}"
0x0053B69C,0x0853B69C,0;6,level_descriptor_table,spawner,spawner,701.229,120.188,16,-16,grass,,,,,,,,,,,1,"{""type"": ""spawner"", ""name"": ""spawner"", ""x"": ""701.229"", ""y"": ""120.188"", ""width"": ""16"", ""height"": ""-16"", ""spawnType"": ""grass"", ""turn"": ""1""}"
0x0053B6E0,0x0853B6E0,0;6,level_descriptor_table,spawner,spawner,708.562,129.188,16,-16,grass,,,,,,,,,,,1,"{""type"": ""spawner"", ""name"": ""spawner"", ""x"": ""708.562"", ""y"": ""129.188"", ""width"": ""16"", ""height"": ""-16"", ""spawnType"": ""grass"", ""turn"": ""1""}"
0x0053B724,0x0853B724,0;6,level_descriptor_table,spawner,spawner,746.771,129.812,16,-16,grass,,,,,,,,,,,1,"{""type"": ""spawner"", ""name"": ""spawner"", ""x"": ""746.771"", ""y"": ""129.812"", ""width"": ""16"", ""height"": ""-16"", ""spawnType"": ""grass"", ""turn"": ""1""}"
0x0053B768,0x0853B768,0;6,level_descriptor_table,spawner,spawner,758,134.833,16,-16,grass,,,,,,,,,,,,"{""type"": ""spawner"", ""name"": ""spawner"", ""x"": ""758"", ""y"": ""134.833"", ""width"": ""16"", ""height"": ""-16"", ""spawnType"": ""grass""}"
0x0053B7A4,0x0853B7A4,0;6,level_descriptor_table,spawner,spawner,732,123.5,16,-16,grass,,,,,,,,,,,1,"{""type"": ""spawner"", ""name"": ""spawner"", ""x"": ""732"", ""y"": ""123.5"", ""width"": ""16"", ""height"": ""-16"", ""spawnType"": ""grass"", ""turn"": ""1""}"
0x0053B7E8,0x0853B7E8,0;6,level_descriptor_table,spawner,spawner,656.666,139.5,16,-16,grass,,,,,,,,,,,1,"{""type"": ""spawner"", ""name"": ""spawner"", ""x"": ""656.666"", ""y"": ""139.5"", ""width"": ""16"", ""height"": ""-16"", ""spawnType"": ""grass"", ""turn"": ""1""}"
0x0053B82C,0x0853B82C,0;6,level_descriptor_table,spawner,spawner,897.282,129.678,16,-16,grass,,,,,,,,,,,,"{""type"": ""spawner"", ""name"": ""spawner"", ""x"": ""897.282"", ""y"": ""129.678"", ""width"": ""16"", ""height"": ""-16"", ""spawnType"": ""grass""}"
0x0053B868,0x0853B868,0;6,level_descriptor_table,spawner,spawner,885.948,144.011,16,-16,grass,,,,,,,,,,,1,"{""type"": ""spawner"", ""name"": ""spawner"", ""x"": ""885.948"", ""y"": ""144.011"", ""width"": ""16"", ""height"": ""-16"", ""spawnType"": ""grass"", ""turn"": ""1""}"
0x0053B8AC,0x0853B8AC,0;6,level_descriptor_table,spawner,spawner,924.157,144.635,16,-16,grass,,,,,,,,,,,1,"{""type"": ""spawner"", ""name"": ""spawner"", ""x"": ""924.157"", ""y"": ""144.635"", ""width"": ""16"", ""height"": ""-16"", ""spawnType"": ""grass"", ""turn"": ""1""}"
0x0053B8F0,0x0853B8F0,0;6,level_descriptor_table,spawner,spawner,935.386,149.656,16,-16,grass,,,,,,,,,,,,"{""type"": ""spawner"", ""name"": ""spawner"", ""x"": ""935.386"", ""y"": ""149.656"", ""width"": ""16"", ""height"": ""-16"", ""spawnType"": ""grass""}"
0x0053B92C,0x0853B92C,0;6,level_descriptor_table,spawner,spawner,909.386,138.323,16,-16,grass,,,,,,,,,,,1,"{""type"": ""spawner"", ""name"": ""spawner"", ""x"": ""909.386"", ""y"": ""138.323"", ""width"": ""16"", ""height"": ""-16"", ""spawnType"": ""grass"", ""turn"": ""1""}"
0x0053B970,0x0853B970,0;6,level_descriptor_table,spawner,spawner,916.333,150,16,-16,grass,,,,,,,,,,,,"{""type"": ""spawner"", ""name"": ""spawner"", ""x"": ""916.333"", ""y"": ""150"", ""width"": ""16"", ""height"": ""-16"", ""spawnType"": ""grass""}"
0x0053B9AC,0x0853B9AC,0;6,level_descriptor_table,spawner,spawner,688.771,932.974,16,-16,grass,,,,,,,,,,,1,"{""type"": ""spawner"", ""name"": ""spawner"", ""x"": ""688.771"", ""y"": ""932.974"", ""width"": ""16"", ""height"": ""-16"", ""spawnType"": ""grass"", ""turn"": ""1""}"
0x0053B9F0,0x0853B9F0,0;6,level_descriptor_table,spawner,spawner,700,937.995,16,-16,grass,,,,,,,,,,,,"{""type"": ""spawner"", ""name"": ""spawner"", ""x"": ""700"", ""y"": ""937.995"", ""width"": ""16"", ""height"": ""-16"", ""spawnType"": ""grass""}"
0x0053BA2C,0x0853BA2C,0;6,level_descriptor_table,spawner,spawner,674,926.662,16,-16,grass,,,,,,,,,,,1,"{""type"": ""spawner"", ""name"": ""spawner"", ""x"": ""674"", ""y"": ""926.662"", ""width"": ""16"", ""height"": ""-16"", ""spawnType"": ""grass"", ""turn"": ""1""}"
0x0053BA70,0x0853BA70,0;6,level_descriptor_table,spawner,spawner,680.947,938.339,16,-16,grass,,,,,,,,,,,,"{""type"": ""spawner"", ""name"": ""spawner"", ""x"": ""680.947"", ""y"": ""938.339"", ""width"": ""16"", ""height"": ""-16"", ""spawnType"": ""grass""}"
0x0053BAAC,0x0853BAAC,0;6,level_descriptor_table,spawner,spawner,627.271,818.473,16,-16,grass,,,,,,,,,,,1,"{""type"": ""spawner"", ""name"": ""spawner"", ""x"": ""627.271"", ""y"": ""818.473"", ""width"": ""16"", ""height"": ""-16"", ""spawnType"": ""grass"", ""turn"": ""1""}"
0x0053BAF0,0x0853BAF0,0;6,level_descriptor_table,spawner,spawner,638.5,823.494,16,-16,grass,,,,,,,,,,,,"{""type"": ""spawner"", ""name"": ""spawner"", ""x"": ""638.5"", ""y"": ""823.494"", ""width"": ""16"", ""height"": ""-16"", ""spawnType"": ""grass""}"
0x0053BB2C,0x0853BB2C,0;6,level_descriptor_table,spawner,spawner,612.5,812.161,16,-16,grass,,,,,,,,,,,1,"{""type"": ""spawner"", ""name"": ""spawner"", ""x"": ""612.5"", ""y"": ""812.161"", ""width"": ""16"", ""height"": ""-16"", ""spawnType"": ""grass"", ""turn"": ""1""}"
0x0053BB70,0x0853BB70,0;6,level_descriptor_table,spawner,spawner,619.447,823.838,16,-16,grass,,,,,,,,,,,,"{""type"": ""spawner"", ""name"": ""spawner"", ""x"": ""619.447"", ""y"": ""823.838"", ""width"": ""16"", ""height"": ""-16"", ""spawnType"": ""grass""}"
0x0053BBAC,0x0853BBAC,0;6,level_descriptor_table,spawner,spawner,559.75,540.5,16,-16,npc,,,112,5,0,,,,,,0,"{""type"": ""spawner"", ""name"": ""spawner"", ""x"": ""559.75"", ""y"": ""540.5"", ""width"": ""16"", ""height"": ""-16"", ""legsColor"": ""112"", ""num"": ""5"", ""portTo"": ""0"", ""spawnType"": ""npc"", ""turn"": ""0""}"
0x0053BC08,0x0853BC08,0;6,level_descriptor_table,fgtile,Fgtile,455.333,406,16,16,,,,,150,1,,,,,,,"{""type"": ""fgtile"", ""name"": ""Fgtile"", ""x"": ""455.333"", ""y"": ""406"", ""width"": ""16"", ""height"": ""16"", ""num"": ""150"", ""portTo"": ""1""}"
0x0053BC4C,0x0853BC4C,0;6,level_descriptor_table,fgtile,Fgtile,511.667,408.333,16,16,,,,,150,6,,,,,,,"{""type"": ""fgtile"", ""name"": ""Fgtile"", ""x"": ""511.667"", ""y"": ""408.333"", ""width"": ""16"", ""height"": ""16"", ""num"": ""150"", ""portTo"": ""6""}"
0x0053BC90,0x0853BC90,0;6,level_descriptor_table,spawner,spawner,447.333,444.667,16,-16,npc,,,112,5,0,,,,,,0,"{""type"": ""spawner"", ""name"": ""spawner"", ""x"": ""447.333"", ""y"": ""444.667"", ""width"": ""16"", ""height"": ""-16"", ""legsColor"": ""112"", ""num"": ""5"", ""portTo"": ""0"", ""spawnType"": ""npc"", ""turn"": ""0""}"
0x0053BCEC,0x0853BCEC,0;6,level_descriptor_table,spawner,spawner,488,514.667,16,-16,npc,,,112,5,0,,,,,,0,"{""type"": ""spawner"", ""name"": ""spawner"", ""x"": ""488"", ""y"": ""514.667"", ""width"": ""16"", ""height"": ""-16"", ""legsColor"": ""112"", ""num"": ""5"", ""portTo"": ""0"", ""spawnType"": ""npc"", ""turn"": ""0""}"
0x0053BD48,0x0853BD48,0;6,level_descriptor_table,fgtile,Fgtile,480,408,16,16,,,,,150,8,,,,,,,"{""type"": ""fgtile"", ""name"": ""Fgtile"", ""x"": ""480"", ""y"": ""408"", ""width"": ""16"", ""height"": ""16"", ""num"": ""150"", ""portTo"": ""8""}"
