selector_index,profile_name,profile_kind,canonical_reachability,actor_rom_addr,actor_state,actor_dial,actor_level,social_bootstrap,only_npc_update_handoff,selector_copy,npc_update_state_write,npc_update_dial_write,reachability_scope,confidence
0,Stas,social_profile_0x3C,reachable,0x08019100,1,0,0,0x08002FCE,0x08002B52 -> 0x08002FA2,actor+0x5C -> Player+0x388,none in 0x0800298C..0x080037F6,none in 0x0800298C..0x080037F6,canonical initialized actors plus NPC_update; external mutation not ruled out,high
1,Julia,social_profile_0x3C,reachable,0x0801917C,1,1,0,0x08002FCE,0x08002B52 -> 0x08002FA2,actor+0x5C -> Player+0x388,none in 0x0800298C..0x080037F6,none in 0x0800298C..0x080037F6,canonical initialized actors plus NPC_update; external mutation not ruled out,high
2,,null,not reached by initialized state-1 NPC,,,,,0x08002FCE,0x08002B52 -> 0x08002FA2,actor+0x5C -> Player+0x388,none in 0x0800298C..0x080037F6,none in 0x0800298C..0x080037F6,canonical initialized actors plus NPC_update; external mutation not ruled out,high
3,Stas,npc_metadata_0x30_wrong_for_social_code,not reached by initialized state-1 NPC,,,,,0x08002FCE,0x08002B52 -> 0x08002FA2,actor+0x5C -> Player+0x388,none in 0x0800298C..0x080037F6,none in 0x0800298C..0x080037F6,canonical initialized actors plus NPC_update; external mutation not ruled out,high
4,IQ 54,npc_metadata_0x30_wrong_for_social_code,not reached by initialized state-1 NPC,,,,,0x08002FCE,0x08002B52 -> 0x08002FA2,actor+0x5C -> Player+0x388,none in 0x0800298C..0x080037F6,none in 0x0800298C..0x080037F6,canonical initialized actors plus NPC_update; external mutation not ruled out,high
5,Kate,npc_metadata_0x30_wrong_for_social_code,not reached by initialized state-1 NPC,,,,,0x08002FCE,0x08002B52 -> 0x08002FA2,actor+0x5C -> Player+0x388,none in 0x0800298C..0x080037F6,none in 0x0800298C..0x080037F6,canonical initialized actors plus NPC_update; external mutation not ruled out,high
6,Kiata,npc_metadata_0x30_wrong_for_social_code,not reached by initialized state-1 NPC,,,,,0x08002FCE,0x08002B52 -> 0x08002FA2,actor+0x5C -> Player+0x388,none in 0x0800298C..0x080037F6,none in 0x0800298C..0x080037F6,canonical initialized actors plus NPC_update; external mutation not ruled out,high
7,Alex,npc_metadata_0x30_wrong_for_social_code,not reached by initialized state-1 NPC,,,,,0x08002FCE,0x08002B52 -> 0x08002FA2,actor+0x5C -> Player+0x388,none in 0x0800298C..0x080037F6,none in 0x0800298C..0x080037F6,canonical initialized actors plus NPC_update; external mutation not ruled out,high
8,Evelina,npc_metadata_0x30_wrong_for_social_code,not reached by initialized state-1 NPC,,,,,0x08002FCE,0x08002B52 -> 0x08002FA2,actor+0x5C -> Player+0x388,none in 0x0800298C..0x080037F6,none in 0x0800298C..0x080037F6,canonical initialized actors plus NPC_update; external mutation not ruled out,high
