topic_index,topic,profile_table,profile_topic_value_offset,subject_pointer_table,subject_response_base,subject_variants_per_topic,subject_profile_value_0_slots,subject_profile_value_1_slots,subject_profile_value_2_slots,subject_profile_value_3_slots,subject_profile_value_4_slots,criticize_pointer_table,criticize_response_base,criticize_variants_per_topic,criticize_profile_value_0_slots,criticize_profile_value_1_slots,criticize_profile_value_2_slots,criticize_profile_value_3_slots,criticize_profile_value_4_slots,response_stride,neutral_response,neutral_response_addr,profile_value_dispatch,confidence
0,sports,0x0300110C,+4*(topic_index+6),0x030007D4,0x08018078,16,0|4|8|12,1|5|9|13,neutral,2|6|10|14,3|7|11|15,0x030007AC,0x08014DD8,8,0|4,1|5,neutral,2|6,3|7,108,I don't really care,0x08A8C494,0..4 select response classes; other values fall through the generic interaction path,high
1,movies,0x0300110C,+4*(topic_index+6),0x030007D4,0x080179B8,16,0|4|8|12,1|5|9|13,neutral,2|6|10|14,3|7|11|15,0x030007AC,0x08014A78,8,0|4,1|5,neutral,2|6,3|7,108,I don't really care,0x08A8C494,0..4 select response classes; other values fall through the generic interaction path,high
2,fashion,0x0300110C,+4*(topic_index+6),0x030007D4,0x080172F8,16,0|4|8|12,1|5|9|13,neutral,2|6|10|14,3|7|11|15,0x030007AC,0x08014718,8,0|4,1|5,neutral,2|6,3|7,108,I don't really care,0x08A8C494,0..4 select response classes; other values fall through the generic interaction path,high
3,video games,0x0300110C,+4*(topic_index+6),0x030007D4,0x08016C38,16,0|4|8|12,1|5|9|13,neutral,2|6|10|14,3|7|11|15,0x030007AC,0x080143B8,8,0|4,1|5,neutral,2|6,3|7,108,I don't really care,0x08A8C494,0..4 select response classes; other values fall through the generic interaction path,high
4,school,0x0300110C,+4*(topic_index+6),0x030007D4,0x08016578,16,0|4|8|12,1|5|9|13,neutral,2|6|10|14,3|7|11|15,0x030007AC,0x08014058,8,0|4,1|5,neutral,2|6,3|7,108,I don't really care,0x08A8C494,0..4 select response classes; other values fall through the generic interaction path,high
5,future,0x0300110C,+4*(topic_index+6),0x030007D4,0x08015EB8,16,0|4|8|12,1|5|9|13,neutral,2|6|10|14,3|7|11|15,0x030007AC,0x08013CF8,8,0|4,1|5,neutral,2|6,3|7,108,I don't really care,0x08A8C494,0..4 select response classes; other values fall through the generic interaction path,high
6,parties,0x0300110C,+4*(topic_index+6),0x030007D4,0x080157F8,16,0|4|8|12,1|5|9|13,neutral,2|6|10|14,3|7|11|15,0x030007AC,0x08013998,8,0|4,1|5,neutral,2|6,3|7,108,I don't really care,0x08A8C494,0..4 select response classes; other values fall through the generic interaction path,high
7,last event,0x0300110C,+4*(topic_index+6),0x030007D4,0x08015138,16,0|4|8|12,1|5|9|13,neutral,2|6|10|14,3|7|11|15,0x030007AC,0x08013638,8,0|4,1|5,neutral,2|6,3|7,108,I don't really care,0x08A8C494,0..4 select response classes; other values fall through the generic interaction path,high
8,mysteries,0x0300110C,+4*(topic_index+6),0x030007D4,0x08015138,16,0|4|8|12,1|5|9|13,neutral,2|6|10|14,3|7|11|15,0x030007AC,0x08013638,8,0|4,1|5,neutral,2|6,3|7,108,I don't really care,0x08A8C494,0..4 select response classes; other values fall through the generic interaction path,high
